INSERT INTO edificio(id_edificio,calle,num_ext,colonia,municipio,estado,cp) VALUES (1,'Salvador',143,'San Jerónimo','Asientos','CDMX',83040);
INSERT INTO edificio(id_edificio,calle,num_ext,colonia,municipio,estado,cp) VALUES (2,'Vasallo, felix',133,'El Calvario','Calvillo','CDMX',07665);
INSERT INTO edificio(id_edificio,calle,num_ext,colonia,municipio,estado,cp) VALUES (3,'Camino de las colinas',147,'Bosques de Cantabria','Cosío','CDMX',32055);
INSERT INTO edificio(id_edificio,calle,num_ext,colonia,municipio,estado,cp) VALUES (4,'Doctor',98,'La Cañada','Jesús María','CDMX',66313);
INSERT INTO edificio(id_edificio,calle,num_ext,colonia,municipio,estado,cp) VALUES (5,'30 a rivera',40,'Geovillas','Pabellón de Arteaga','CDMX',32050);
INSERT INTO edificio(id_edificio,calle,num_ext,colonia,municipio,estado,cp) VALUES (6,'A',77,'La Ribera II','Rincón de Romos','CDMX',76789);
INSERT INTO edificio(id_edificio,calle,num_ext,colonia,municipio,estado,cp) VALUES (7,'Sarmiento',111,'El Calvario','San José de Gracia','CDMX',02832);
INSERT INTO edificio(id_edificio,calle,num_ext,colonia,municipio,estado,cp) VALUES (8,'Molucas',40,'Villa Mane','Tepezalá','CDMX',13699);
INSERT INTO edificio(id_edificio,calle,num_ext,colonia,municipio,estado,cp) VALUES (9,'Ute 83',126,'El Mogote','Palo Alto','CDMX',36228);
INSERT INTO edificio(id_edificio,calle,num_ext,colonia,municipio,estado,cp) VALUES (10,'Ayala,r',94,'Santa Bárbara','San Francisco','CDMX',21467);
INSERT INTO edificio(id_edificio,calle,num_ext,colonia,municipio,estado,cp) VALUES (11,'Balbela, nicolas',90,'Rancho de Maya','Ensenada','CDMX',23182);
INSERT INTO edificio(id_edificio,calle,num_ext,colonia,municipio,estado,cp) VALUES (12,'A (viv. ferrocarril)',44,'La Trinidad','Mexicali','CDMX',63088);
INSERT INTO edificio(id_edificio,calle,num_ext,colonia,municipio,estado,cp) VALUES (13,'Camaleon',121,'Las Palmas','Tecate','CDMX',92080);
INSERT INTO edificio(id_edificio,calle,num_ext,colonia,municipio,estado,cp) VALUES (14,'Camino manuel fortet',38,'Tlachaloya','Tijuana','CDMX',27412);
INSERT INTO edificio(id_edificio,calle,num_ext,colonia,municipio,estado,cp) VALUES (15,'Coimbra',69,'El Canal','Playas de Rosarito','CDMX',27057);
INSERT INTO edificio(id_edificio,calle,num_ext,colonia,municipio,estado,cp) VALUES (16,'Varela, jose p.',132,'Gunyo Oriente','Ciudad Constitución','CDMX',31849);
INSERT INTO edificio(id_edificio,calle,num_ext,colonia,municipio,estado,cp) VALUES (17,'Ute  1',95,'Héroes del 5 de Mayo','Santa Rosalía','CDMX',69060);
INSERT INTO edificio(id_edificio,calle,num_ext,colonia,municipio,estado,cp) VALUES (18,'Alvarez, felix',98,'Zethe','La Paz','CDMX',91481);
INSERT INTO edificio(id_edificio,calle,num_ext,colonia,municipio,estado,cp) VALUES (19,'Pasaje 6',109,'San Miguel','San José del Cabo','CDMX',09900);
INSERT INTO edificio(id_edificio,calle,num_ext,colonia,municipio,estado,cp) VALUES (20,'27',110,'La Comunidad','Loreto','CDMX',39741);


INSERT INTO piso(id_piso,id_edificio) VALUES (1,1);
INSERT INTO piso(id_piso,id_edificio) VALUES (2,1);
INSERT INTO piso(id_piso,id_edificio) VALUES (3,1);
INSERT INTO piso(id_piso,id_edificio) VALUES (4,1);
INSERT INTO piso(id_piso,id_edificio) VALUES (5,1);
INSERT INTO piso(id_piso,id_edificio) VALUES (6,1);
INSERT INTO piso(id_piso,id_edificio) VALUES (7,1);
INSERT INTO piso(id_piso,id_edificio) VALUES (8,1);
INSERT INTO piso(id_piso,id_edificio) VALUES (9,1);
INSERT INTO piso(id_piso,id_edificio) VALUES (10,1);
INSERT INTO piso(id_piso,id_edificio) VALUES (1,2);
INSERT INTO piso(id_piso,id_edificio) VALUES (2,2);
INSERT INTO piso(id_piso,id_edificio) VALUES (3,2);
INSERT INTO piso(id_piso,id_edificio) VALUES (4,2);
INSERT INTO piso(id_piso,id_edificio) VALUES (5,2);
INSERT INTO piso(id_piso,id_edificio) VALUES (6,2);
INSERT INTO piso(id_piso,id_edificio) VALUES (7,2);
INSERT INTO piso(id_piso,id_edificio) VALUES (8,2);
INSERT INTO piso(id_piso,id_edificio) VALUES (9,2);
INSERT INTO piso(id_piso,id_edificio) VALUES (1,3);
INSERT INTO piso(id_piso,id_edificio) VALUES (2,3);
INSERT INTO piso(id_piso,id_edificio) VALUES (3,3);
INSERT INTO piso(id_piso,id_edificio) VALUES (4,3);
INSERT INTO piso(id_piso,id_edificio) VALUES (5,3);
INSERT INTO piso(id_piso,id_edificio) VALUES (6,3);
INSERT INTO piso(id_piso,id_edificio) VALUES (7,3);
INSERT INTO piso(id_piso,id_edificio) VALUES (8,3);
INSERT INTO piso(id_piso,id_edificio) VALUES (9,3);
INSERT INTO piso(id_piso,id_edificio) VALUES (10,3);
INSERT INTO piso(id_piso,id_edificio) VALUES (1,4);
INSERT INTO piso(id_piso,id_edificio) VALUES (2,4);
INSERT INTO piso(id_piso,id_edificio) VALUES (3,4);
INSERT INTO piso(id_piso,id_edificio) VALUES (4,4);
INSERT INTO piso(id_piso,id_edificio) VALUES (5,4);
INSERT INTO piso(id_piso,id_edificio) VALUES (6,4);
INSERT INTO piso(id_piso,id_edificio) VALUES (7,4);
INSERT INTO piso(id_piso,id_edificio) VALUES (8,4);
INSERT INTO piso(id_piso,id_edificio) VALUES (1,5);
INSERT INTO piso(id_piso,id_edificio) VALUES (2,5);
INSERT INTO piso(id_piso,id_edificio) VALUES (3,5);
INSERT INTO piso(id_piso,id_edificio) VALUES (4,5);
INSERT INTO piso(id_piso,id_edificio) VALUES (5,5);
INSERT INTO piso(id_piso,id_edificio) VALUES (6,5);
INSERT INTO piso(id_piso,id_edificio) VALUES (7,5);
INSERT INTO piso(id_piso,id_edificio) VALUES (8,5);
INSERT INTO piso(id_piso,id_edificio) VALUES (9,5);
INSERT INTO piso(id_piso,id_edificio) VALUES (10,5);
INSERT INTO piso(id_piso,id_edificio) VALUES (1,6);
INSERT INTO piso(id_piso,id_edificio) VALUES (2,6);
INSERT INTO piso(id_piso,id_edificio) VALUES (3,6);
INSERT INTO piso(id_piso,id_edificio) VALUES (4,6);
INSERT INTO piso(id_piso,id_edificio) VALUES (5,6);
INSERT INTO piso(id_piso,id_edificio) VALUES (6,6);
INSERT INTO piso(id_piso,id_edificio) VALUES (7,6);
INSERT INTO piso(id_piso,id_edificio) VALUES (8,6);
INSERT INTO piso(id_piso,id_edificio) VALUES (9,6);
INSERT INTO piso(id_piso,id_edificio) VALUES (10,6);
INSERT INTO piso(id_piso,id_edificio) VALUES (1,7);
INSERT INTO piso(id_piso,id_edificio) VALUES (2,7);
INSERT INTO piso(id_piso,id_edificio) VALUES (3,7);
INSERT INTO piso(id_piso,id_edificio) VALUES (4,7);
INSERT INTO piso(id_piso,id_edificio) VALUES (5,7);
INSERT INTO piso(id_piso,id_edificio) VALUES (6,7);
INSERT INTO piso(id_piso,id_edificio) VALUES (7,7);
INSERT INTO piso(id_piso,id_edificio) VALUES (8,7);
INSERT INTO piso(id_piso,id_edificio) VALUES (1,8);
INSERT INTO piso(id_piso,id_edificio) VALUES (2,8);
INSERT INTO piso(id_piso,id_edificio) VALUES (3,8);
INSERT INTO piso(id_piso,id_edificio) VALUES (4,8);
INSERT INTO piso(id_piso,id_edificio) VALUES (5,8);
INSERT INTO piso(id_piso,id_edificio) VALUES (6,8);
INSERT INTO piso(id_piso,id_edificio) VALUES (7,8);
INSERT INTO piso(id_piso,id_edificio) VALUES (8,8);
INSERT INTO piso(id_piso,id_edificio) VALUES (10,8);
INSERT INTO piso(id_piso,id_edificio) VALUES (1,9);
INSERT INTO piso(id_piso,id_edificio) VALUES (2,9);
INSERT INTO piso(id_piso,id_edificio) VALUES (3,9);
INSERT INTO piso(id_piso,id_edificio) VALUES (4,9);
INSERT INTO piso(id_piso,id_edificio) VALUES (5,9);
INSERT INTO piso(id_piso,id_edificio) VALUES (6,9);
INSERT INTO piso(id_piso,id_edificio) VALUES (7,9);
INSERT INTO piso(id_piso,id_edificio) VALUES (8,9);
INSERT INTO piso(id_piso,id_edificio) VALUES (9,9);
INSERT INTO piso(id_piso,id_edificio) VALUES (10,9);
INSERT INTO piso(id_piso,id_edificio) VALUES (1,10);
INSERT INTO piso(id_piso,id_edificio) VALUES (2,10);
INSERT INTO piso(id_piso,id_edificio) VALUES (3,10);
INSERT INTO piso(id_piso,id_edificio) VALUES (4,10);
INSERT INTO piso(id_piso,id_edificio) VALUES (5,10);
INSERT INTO piso(id_piso,id_edificio) VALUES (6,10);
INSERT INTO piso(id_piso,id_edificio) VALUES (7,10);
INSERT INTO piso(id_piso,id_edificio) VALUES (8,10);
INSERT INTO piso(id_piso,id_edificio) VALUES (9,10);
INSERT INTO piso(id_piso,id_edificio) VALUES (1,11);
INSERT INTO piso(id_piso,id_edificio) VALUES (2,11);
INSERT INTO piso(id_piso,id_edificio) VALUES (3,11);
INSERT INTO piso(id_piso,id_edificio) VALUES (4,11);
INSERT INTO piso(id_piso,id_edificio) VALUES (5,11);
INSERT INTO piso(id_piso,id_edificio) VALUES (6,11);
INSERT INTO piso(id_piso,id_edificio) VALUES (7,11);
INSERT INTO piso(id_piso,id_edificio) VALUES (8,11);
INSERT INTO piso(id_piso,id_edificio) VALUES (1,12);
INSERT INTO piso(id_piso,id_edificio) VALUES (2,12);
INSERT INTO piso(id_piso,id_edificio) VALUES (3,12);
INSERT INTO piso(id_piso,id_edificio) VALUES (4,12);
INSERT INTO piso(id_piso,id_edificio) VALUES (5,12);
INSERT INTO piso(id_piso,id_edificio) VALUES (6,12);
INSERT INTO piso(id_piso,id_edificio) VALUES (7,12);
INSERT INTO piso(id_piso,id_edificio) VALUES (8,12);
INSERT INTO piso(id_piso,id_edificio) VALUES (9,12);
INSERT INTO piso(id_piso,id_edificio) VALUES (10,12);
INSERT INTO piso(id_piso,id_edificio) VALUES (1,13);
INSERT INTO piso(id_piso,id_edificio) VALUES (2,13);
INSERT INTO piso(id_piso,id_edificio) VALUES (3,13);
INSERT INTO piso(id_piso,id_edificio) VALUES (4,13);
INSERT INTO piso(id_piso,id_edificio) VALUES (5,13);
INSERT INTO piso(id_piso,id_edificio) VALUES (6,13);
INSERT INTO piso(id_piso,id_edificio) VALUES (7,13);
INSERT INTO piso(id_piso,id_edificio) VALUES (8,13);
INSERT INTO piso(id_piso,id_edificio) VALUES (9,13);
INSERT INTO piso(id_piso,id_edificio) VALUES (1,14);
INSERT INTO piso(id_piso,id_edificio) VALUES (2,14);
INSERT INTO piso(id_piso,id_edificio) VALUES (3,14);
INSERT INTO piso(id_piso,id_edificio) VALUES (4,14);
INSERT INTO piso(id_piso,id_edificio) VALUES (5,14);
INSERT INTO piso(id_piso,id_edificio) VALUES (6,14);
INSERT INTO piso(id_piso,id_edificio) VALUES (7,14);
INSERT INTO piso(id_piso,id_edificio) VALUES (8,14);
INSERT INTO piso(id_piso,id_edificio) VALUES (9,14);
INSERT INTO piso(id_piso,id_edificio) VALUES (1,15);
INSERT INTO piso(id_piso,id_edificio) VALUES (2,15);
INSERT INTO piso(id_piso,id_edificio) VALUES (3,15);
INSERT INTO piso(id_piso,id_edificio) VALUES (4,15);
INSERT INTO piso(id_piso,id_edificio) VALUES (5,15);
INSERT INTO piso(id_piso,id_edificio) VALUES (6,15);
INSERT INTO piso(id_piso,id_edificio) VALUES (7,15);
INSERT INTO piso(id_piso,id_edificio) VALUES (8,15);
INSERT INTO piso(id_piso,id_edificio) VALUES (9,15);
INSERT INTO piso(id_piso,id_edificio) VALUES (1,16);
INSERT INTO piso(id_piso,id_edificio) VALUES (2,16);
INSERT INTO piso(id_piso,id_edificio) VALUES (3,16);
INSERT INTO piso(id_piso,id_edificio) VALUES (4,16);
INSERT INTO piso(id_piso,id_edificio) VALUES (5,16);
INSERT INTO piso(id_piso,id_edificio) VALUES (6,16);
INSERT INTO piso(id_piso,id_edificio) VALUES (7,16);
INSERT INTO piso(id_piso,id_edificio) VALUES (8,16);
INSERT INTO piso(id_piso,id_edificio) VALUES (1,17);
INSERT INTO piso(id_piso,id_edificio) VALUES (2,17);
INSERT INTO piso(id_piso,id_edificio) VALUES (3,17);
INSERT INTO piso(id_piso,id_edificio) VALUES (4,17);
INSERT INTO piso(id_piso,id_edificio) VALUES (5,17);
INSERT INTO piso(id_piso,id_edificio) VALUES (6,17);
INSERT INTO piso(id_piso,id_edificio) VALUES (7,17);
INSERT INTO piso(id_piso,id_edificio) VALUES (8,17);
INSERT INTO piso(id_piso,id_edificio) VALUES (9,17);
INSERT INTO piso(id_piso,id_edificio) VALUES (1,18);
INSERT INTO piso(id_piso,id_edificio) VALUES (2,18);
INSERT INTO piso(id_piso,id_edificio) VALUES (3,18);
INSERT INTO piso(id_piso,id_edificio) VALUES (4,18);
INSERT INTO piso(id_piso,id_edificio) VALUES (5,18);
INSERT INTO piso(id_piso,id_edificio) VALUES (6,18);
INSERT INTO piso(id_piso,id_edificio) VALUES (7,18);
INSERT INTO piso(id_piso,id_edificio) VALUES (8,18);
INSERT INTO piso(id_piso,id_edificio) VALUES (9,18);
INSERT INTO piso(id_piso,id_edificio) VALUES (1,19);
INSERT INTO piso(id_piso,id_edificio) VALUES (2,19);
INSERT INTO piso(id_piso,id_edificio) VALUES (3,19);
INSERT INTO piso(id_piso,id_edificio) VALUES (4,19);
INSERT INTO piso(id_piso,id_edificio) VALUES (5,19);
INSERT INTO piso(id_piso,id_edificio) VALUES (6,19);
INSERT INTO piso(id_piso,id_edificio) VALUES (7,19);
INSERT INTO piso(id_piso,id_edificio) VALUES (8,19);
INSERT INTO piso(id_piso,id_edificio) VALUES (1,20);
INSERT INTO piso(id_piso,id_edificio) VALUES (2,20);
INSERT INTO piso(id_piso,id_edificio) VALUES (3,20);
INSERT INTO piso(id_piso,id_edificio) VALUES (4,20);
INSERT INTO piso(id_piso,id_edificio) VALUES (5,20);
INSERT INTO piso(id_piso,id_edificio) VALUES (6,20);
INSERT INTO piso(id_piso,id_edificio) VALUES (7,20);
INSERT INTO piso(id_piso,id_edificio) VALUES (8,20);


INSERT INTO entrenador(curp,id_piso,id_edificio,nombre,apellido_pat,apellido_mat,fecha_nacimiento,calle,num_ext,colonia,municipio,estado,cp,telefono,correo,fotografia,salario_x_hora,nss,fecha_inicio) VALUES ('RIDB850707MMOLAT48',3,5,'Benjamin','Richardin','Deluce','19850707','Central',164,'Cerrito Tixmadeje','Asientos','CDMX',37768,'3582049186668','lgatchel0@canalblog.com','fotografia.jpg',70,309583288377,'20081214');
INSERT INTO entrenador(curp,id_piso,id_edificio,nombre,apellido_pat,apellido_mat,fecha_nacimiento,calle,num_ext,colonia,municipio,estado,cp,telefono,correo,fotografia,salario_x_hora,nss,fecha_inicio) VALUES ('GLAI860321MMOKAN25',2,2,'Isabella','Glowacki','Atlay','19860321','18 (bo. san francisco)',76,'El Huizachal','Calvillo','CDMX',57632,'73368658429','adilke1@china.com.cn','fotografia.png',70,614031770647,'20070621');
INSERT INTO entrenador(curp,id_piso,id_edificio,nombre,apellido_pat,apellido_mat,fecha_nacimiento,calle,num_ext,colonia,municipio,estado,cp,telefono,correo,fotografia,salario_x_hora,nss,fecha_inicio) VALUES ('RIPM980520FPUAND25',6,5,'Martina','Riccardini','Pawelek','19980520','Francisco gil lemos',25,'Las Palomas','Cosío','CDMX',27700,'73041490861','mberic2@symantec.com','fotografia.png',70,821492809753,'20030417');
INSERT INTO entrenador(curp,id_piso,id_edificio,nombre,apellido_pat,apellido_mat,fecha_nacimiento,calle,num_ext,colonia,municipio,estado,cp,telefono,correo,fotografia,salario_x_hora,nss,fecha_inicio) VALUES ('BEMC960404MTLSTR13',4,20,'Catalina','Beggs','Maciejak','19960404','Camino conde',107,'Alejandría','Jesús María','CDMX',56390,'553866911885','dbarabich3@rakuten.co.jp','fotografia.jpg',70,218409124186,'20210411');
INSERT INTO entrenador(curp,id_piso,id_edificio,nombre,apellido_pat,apellido_mat,fecha_nacimiento,calle,num_ext,colonia,municipio,estado,cp,telefono,correo,fotografia,salario_x_hora,nss,fecha_inicio) VALUES ('CLSB970220MCDTRE33',3,6,'Bautista','Clay','Snazel','19970220','Democracia',173,'San Buenaventura','Pabellón de Arteaga','CDMX',95014,'4208236443435','tessery4@themeforest.net','fotografia.jpg',70,307329357376,'20131203');
INSERT INTO entrenador(curp,id_piso,id_edificio,nombre,apellido_pat,apellido_mat,fecha_nacimiento,calle,num_ext,colonia,municipio,estado,cp,telefono,correo,fotografia,salario_x_hora,nss,fecha_inicio) VALUES ('JOTS730207MPUBIO72',6,5,'Sofia','Josifovic','Tidd','19730207','Rivera, gral.',15,'Gandó','Rincón de Romos','Estado de México',16553,'867212809957','niiannone5@w3.org','fotografia.png',70,481660989779,'20071206');
INSERT INTO entrenador(curp,id_piso,id_edificio,nombre,apellido_pat,apellido_mat,fecha_nacimiento,calle,num_ext,colonia,municipio,estado,cp,telefono,correo,fotografia,salario_x_hora,nss,fecha_inicio) VALUES ('TUVO700305MCDVAG94',7,6,'Olivia','Tudball','Van Arsdall','19700305','Rio grande',134,'San Antonio Abad','San José de Gracia','CDMX',68485,'481475503282','arubinek6@nymag.com','fotografia.jpg',70,250858222194,'20181029');
INSERT INTO entrenador(curp,id_piso,id_edificio,nombre,apellido_pat,apellido_mat,fecha_nacimiento,calle,num_ext,colonia,municipio,estado,cp,telefono,correo,fotografia,salario_x_hora,nss,fecha_inicio) VALUES ('LAVF770918FESTRE84',9,5,'Felipe','Lanbertoni','Vogeller','19770918','84',54,'La Ribera IV','Tepezalá','Tlaxcala',20596,'312051937709','astrase7@hp.com','fotografia.jpg',70,261308835679,'20050501');
INSERT INTO entrenador(curp,id_piso,id_edificio,nombre,apellido_pat,apellido_mat,fecha_nacimiento,calle,num_ext,colonia,municipio,estado,cp,telefono,correo,fotografia,salario_x_hora,nss,fecha_inicio) VALUES ('DOTE760721MPUTIN83',1,18,'Emma','Dollar','Thieme','19760721','Ute  5',116,'Rinconada de la Mora','Palo Alto','Morelos',54021,'639665092089','gfranscioni8@woothemes.com','fotografia.png',70,640660189279,'20110219');
INSERT INTO entrenador(curp,id_piso,id_edificio,nombre,apellido_pat,apellido_mat,fecha_nacimiento,calle,num_ext,colonia,municipio,estado,cp,telefono,correo,fotografia,salario_x_hora,nss,fecha_inicio) VALUES ('COCV890304FPUBYT94',6,20,'Valentino','Cowlin','Chinge','19890304','5',41,'Alcaltunco','San Francisco de los Romo','CDMX',54568,'571629644242','ldezamudio9@webs.com','fotografia.png',70,610952414501,'20221113');
INSERT INTO entrenador(curp,id_piso,id_edificio,nombre,apellido_pat,apellido_mat,fecha_nacimiento,calle,num_ext,colonia,municipio,estado,cp,telefono,correo,fotografia,salario_x_hora,nss,fecha_inicio) VALUES ('CAMB750204FESRON38',4,12,'Benicio','Cadigan','Meijer','19750204','Senda uno',116,'14 de diciembre','Ensenada','Puebla',15350,'518349105942','mhinemoora@latimes.com','fotografia.png',70,002941578232,'20150903');
INSERT INTO entrenador(curp,id_piso,id_edificio,nombre,apellido_pat,apellido_mat,fecha_nacimiento,calle,num_ext,colonia,municipio,estado,cp,telefono,correo,fotografia,salario_x_hora,nss,fecha_inicio) VALUES ('SERJ811122MTLALP35',1,2,'Joaquín','Semor','Reinard','19811122','Ll',85,'San Pedro Totoltepec','Mexicali','CDMX',82925,'17652506686','cbrionb@biglobe.ne.jp','fotografia.jpg',70,352542868719,'20041212');
INSERT INTO entrenador(curp,id_piso,id_edificio,nombre,apellido_pat,apellido_mat,fecha_nacimiento,calle,num_ext,colonia,municipio,estado,cp,telefono,correo,fotografia,salario_x_hora,nss,fecha_inicio) VALUES ('HIPD760627FESSTI43',8,1,'Delfina','Hillin','Pigford','19760627','Hernandez, ramon',169,'Loma Bonita','Tecate','CDMX',62893,'637564461427','bscoffinsc@ucoz.ru','fotografia.png',70,358776048418,'20141121');
INSERT INTO entrenador(curp,id_piso,id_edificio,nombre,apellido_pat,apellido_mat,fecha_nacimiento,calle,num_ext,colonia,municipio,estado,cp,telefono,correo,fotografia,salario_x_hora,nss,fecha_inicio) VALUES ('GUWL970208MMOCAR45',10,1,'Lorenzo','Gunnell','Wagstaffe','19970208','Santa lucia',190,'Gunyo Oriente','Tijuana','CDMX',40097,'2671755639655','iblowend@creativecommons.org','fotografia.png',70,895923613734,'20091222');
INSERT INTO entrenador(curp,id_piso,id_edificio,nombre,apellido_pat,apellido_mat,fecha_nacimiento,calle,num_ext,colonia,municipio,estado,cp,telefono,correo,fotografia,salario_x_hora,nss,fecha_inicio) VALUES ('WIGF760612FTLOVE57',3,15,'Francesca','Wildey','Gantzman','19760612','12',177,'Plazas de San Buenaventura','Playas de Rosarito','Estado de México',95609,'635367125247','cmunnise@ebay.co.uk','fotografia.jpg',70,543535791273,'20030329');
INSERT INTO entrenador(curp,id_piso,id_edificio,nombre,apellido_pat,apellido_mat,fecha_nacimiento,calle,num_ext,colonia,municipio,estado,cp,telefono,correo,fotografia,salario_x_hora,nss,fecha_inicio) VALUES ('AIMV980318MCDFIN49',3,13,'Valentina','Aisthorpe','McGinn','19980318','Asamblea',172,'La Capilla','Ciudad Constitución','CDMX',69119,'549113414184','cwalworchef@reference.com','fotografia.png',70,848715721957,'20050825');
INSERT INTO entrenador(curp,id_piso,id_edificio,nombre,apellido_pat,apellido_mat,fecha_nacimiento,calle,num_ext,colonia,municipio,estado,cp,telefono,correo,fotografia,salario_x_hora,nss,fecha_inicio) VALUES ('MCFE891116FESFIN29',8,11,'Emilia','McTavy','Fewkes','19891116','Ruta interbalnearia',32,'Independencia','Santa Rosalía','CDMX',92803,'466231894610','pmenauteaug@unc.edu','fotografia.png',70,039703055392,'20210311');
INSERT INTO entrenador(curp,id_piso,id_edificio,nombre,apellido_pat,apellido_mat,fecha_nacimiento,calle,num_ext,colonia,municipio,estado,cp,telefono,correo,fotografia,salario_x_hora,nss,fecha_inicio) VALUES ('IVSM850618MTLDAL15',3,15,'Mateo','Ivanikov','Spread','19850618','Canoas, las',42,'Los Pilares','La Paz','Tlaxcala',62009,'4205398218396','hlelliotth@jugem.jp','fotografia.jpg',70,463460268437,'20061216');
INSERT INTO entrenador(curp,id_piso,id_edificio,nombre,apellido_pat,apellido_mat,fecha_nacimiento,calle,num_ext,colonia,municipio,estado,cp,telefono,correo,fotografia,salario_x_hora,nss,fecha_inicio) VALUES ('DUWJ940113MCDHOM34',5,3,'Juan Ignacio','Dunderdale','Westhoff','19940113','Bicudo, capitan francisco',5,'Taxtho','San José del Cabo','Estado de México',84473,'9635729868545','aworstalli@cam.ac.uk','fotografia.jpg',70,937676992847,'20080220');
INSERT INTO entrenador(curp,id_piso,id_edificio,nombre,apellido_pat,apellido_mat,fecha_nacimiento,calle,num_ext,colonia,municipio,estado,cp,telefono,correo,fotografia,salario_x_hora,nss,fecha_inicio) VALUES ('HAES980222MMOBIT15',4,1,'Santino','Haggata','Emmerson','19980222','Corrientes',60,'Fidel Velázquez','Loreto','CDMX',80955,'9636364705436','kivanikovj@friendfeed.com','fotografia.jpg',70,489264018692,'20120708');
INSERT INTO entrenador(curp,id_piso,id_edificio,nombre,apellido_pat,apellido_mat,fecha_nacimiento,calle,num_ext,colonia,municipio,estado,cp,telefono,correo,fotografia,salario_x_hora,nss,fecha_inicio) VALUES ('LIFT801215MCDVAG48',1,9,'Tomás','Lissimore','Felstead','19801215','0889',145,'El Tepetate','Calkiní','Estado de México',73831,'276546011923','globlek@ehow.com','fotografia.png',70,224420192570,'20060722');
INSERT INTO entrenador(curp,id_piso,id_edificio,nombre,apellido_pat,apellido_mat,fecha_nacimiento,calle,num_ext,colonia,municipio,estado,cp,telefono,correo,fotografia,salario_x_hora,nss,fecha_inicio) VALUES ('HAMF860623MTLKAN84',9,17,'Francisco','Harken','Mulliss','19860623','57',48,'5 de mayo','San Francisco de Campeche','Estado de México',91458,'621435859583','aallowayl@latimes.com','fotografia.jpg',70,417583215086,'20190109');
INSERT INTO entrenador(curp,id_piso,id_edificio,nombre,apellido_pat,apellido_mat,fecha_nacimiento,calle,num_ext,colonia,municipio,estado,cp,telefono,correo,fotografia,salario_x_hora,nss,fecha_inicio) VALUES ('BESJ040819MESTRE17',1,7,'Juana','Benardette','Skidmore','20040819','Verdun',139,'Mado Sector II','Ciudad del Carmen','Estado de México',61333,'485944903415','cpeaplem@simplemachines.org','fotografia.png',70,758632328626,'20020901');
INSERT INTO entrenador(curp,id_piso,id_edificio,nombre,apellido_pat,apellido_mat,fecha_nacimiento,calle,num_ext,colonia,municipio,estado,cp,telefono,correo,fotografia,salario_x_hora,nss,fecha_inicio) VALUES ('COGJ800608MESLAT78',3,9,'Josefina','Cornish','Griffey','19800608','102',97,'San Lorenzo Tepaltitlán Centro','Champotón','CDMX',23006,'12161565487','hgilhoolyn@apple.com','fotografia.png',70,959889857751,'20110214');
INSERT INTO entrenador(curp,id_piso,id_edificio,nombre,apellido_pat,apellido_mat,fecha_nacimiento,calle,num_ext,colonia,municipio,estado,cp,telefono,correo,fotografia,salario_x_hora,nss,fecha_inicio) VALUES ('BASS821127MTLDUO73',2,4,'Santiago','Balthasar','Shrimpton','19821127','De los pescadores',52,'Santa María las Arenas','Hecelchakán','Estado de México',15236,'863657707273','isoanso@slashdot.org','fotografia.jpg',70,429467256386,'20160807');
INSERT INTO entrenador(curp,id_piso,id_edificio,nombre,apellido_pat,apellido_mat,fecha_nacimiento,calle,num_ext,colonia,municipio,estado,cp,telefono,correo,fotografia,salario_x_hora,nss,fecha_inicio) VALUES ('RIAS820917FMOZAT51',4,1,'Simon','Riddles','Antonacci','19820917','Educacion',149,'El Pedregal Tixmadeje','Hopelchén','CDMX',78557,'861886789970','cderringtonp@mlb.com','fotografia.png',70,510147719533,'20210528');
INSERT INTO entrenador(curp,id_piso,id_edificio,nombre,apellido_pat,apellido_mat,fecha_nacimiento,calle,num_ext,colonia,municipio,estado,cp,telefono,correo,fotografia,salario_x_hora,nss,fecha_inicio) VALUES ('PESG951104MESZAA89',9,10,'Guillermina','Pearse','Scirman','19951104','Estrella del mar',24,'Cerrillo Piedras Blancas','Palizada','CDMX',39631,'4206055228472','eeyerq@ed.gov','fotografia.png',70,930532900021,'20100720');
INSERT INTO entrenador(curp,id_piso,id_edificio,nombre,apellido_pat,apellido_mat,fecha_nacimiento,calle,num_ext,colonia,municipio,estado,cp,telefono,correo,fotografia,salario_x_hora,nss,fecha_inicio) VALUES ('LASI940819MPUTIN89',3,7,'Ignacio','Lansdale','Seldner','19940819','Ruta 7  gral. aparicio saravia',132,'Residencial las Torres','Tenabo','CDMX',31627,'2615845747647','jzuannr@vimeo.com','fotografia.jpg',70,958974837789,'20050810');
INSERT INTO entrenador(curp,id_piso,id_edificio,nombre,apellido_pat,apellido_mat,fecha_nacimiento,calle,num_ext,colonia,municipio,estado,cp,telefono,correo,fotografia,salario_x_hora,nss,fecha_inicio) VALUES ('GLLV730709FCDZAT94',4,20,'Victoria','Glanville','Londesborough','19730709','Antonelli moreno,magdalena',155,'Los Ángeles','Escárcega','CDMX',20697,'71983120612','vbeadnalls@cmu.edu','fotografia.jpg',70,398477401992,'20011117');
INSERT INTO entrenador(curp,id_piso,id_edificio,nombre,apellido_pat,apellido_mat,fecha_nacimiento,calle,num_ext,colonia,municipio,estado,cp,telefono,correo,fotografia,salario_x_hora,nss,fecha_inicio) VALUES ('HOSG760627FTLSTI56',2,1,'Guadalupe','Hourican','Shutte','19760627','Jc 15',27,'Guadalupe','Xpujil','Estado de México',21028,'3802227782491','hpetrushkat@nationalgeographic.com','fotografia.jpg',70,365472600751,'20090822');
INSERT INTO entrenador(curp,id_piso,id_edificio,nombre,apellido_pat,apellido_mat,fecha_nacimiento,calle,num_ext,colonia,municipio,estado,cp,telefono,correo,fotografia,salario_x_hora,nss,fecha_inicio) VALUES ('HEFA020416MESLOT58',2,2,'Agustin','Henriquet','Fish','20020416','Fray luis de leon',166,'La Era','Candelaria','Tlaxcala',84328,'15841675268','jhagyardu@yellowpages.com','fotografia.jpg',70,510285971468,'20070218');
INSERT INTO entrenador(curp,id_piso,id_edificio,nombre,apellido_pat,apellido_mat,fecha_nacimiento,calle,num_ext,colonia,municipio,estado,cp,telefono,correo,fotografia,salario_x_hora,nss,fecha_inicio) VALUES ('DAGT780202FPUBIO92',1,16,'Thiago Benjamín','Dayly','Giovannacci','19780202','12',45,'Bordo de las Canastas','Abasolo','Morelos',82217,'13906156157','dashallv@issuu.com','fotografia.jpg',70,756846430499,'20180518');
INSERT INTO entrenador(curp,id_piso,id_edificio,nombre,apellido_pat,apellido_mat,fecha_nacimiento,calle,num_ext,colonia,municipio,estado,cp,telefono,correo,fotografia,salario_x_hora,nss,fecha_inicio) VALUES ('ROWJ930715MPUKON42',2,13,'Julieta','Rowthorne','Whiteoak','19930715','Carlos maria herrera',81,'Tenojo','Ciudad Acuña','Estado de México',84141,'628979837909','hstandbrookw@github.io','fotografia.png',70,022642484426,'20080815');
INSERT INTO entrenador(curp,id_piso,id_edificio,nombre,apellido_pat,apellido_mat,fecha_nacimiento,calle,num_ext,colonia,municipio,estado,cp,telefono,correo,fotografia,salario_x_hora,nss,fecha_inicio) VALUES ('SKWP001229FCDOTC18',5,1,'Pedro','Skewes','Wigginton','20001229','Felix crosa',200,'San Francisco Totoltepec','Allende','Estado de México',79666,'9679493793029','yledamunx@eepurl.com','fotografia.png',70,079207681580,'20000306');
INSERT INTO entrenador(curp,id_piso,id_edificio,nombre,apellido_pat,apellido_mat,fecha_nacimiento,calle,num_ext,colonia,municipio,estado,cp,telefono,correo,fotografia,salario_x_hora,nss,fecha_inicio) VALUES ('LOPR901031FCDQUO59',9,2,'Renata','Louch','Poytres','19901031','Calices vacios',15,'Nueva Santa María de las Rosas','Arteaga','Morelos',86604,'519946053862','khaviley@imgur.com','fotografia.jpg',70,582366220253,'20201007');
INSERT INTO entrenador(curp,id_piso,id_edificio,nombre,apellido_pat,apellido_mat,fecha_nacimiento,calle,num_ext,colonia,municipio,estado,cp,telefono,correo,fotografia,salario_x_hora,nss,fecha_inicio) VALUES ('CARA940207MESAND26',6,17,'Alma','Callendar','Roze','19940207','23',135,'Ojo de Agua','Candela','CDMX',90429,'73028038321','bspringallz@bing.com','fotografia.jpg',70,129235082224,'20130720');
INSERT INTO entrenador(curp,id_piso,id_edificio,nombre,apellido_pat,apellido_mat,fecha_nacimiento,calle,num_ext,colonia,municipio,estado,cp,telefono,correo,fotografia,salario_x_hora,nss,fecha_inicio) VALUES ('MCGJ950210MPUKON87',2,17,'Jazmin','McGoldrick','Garroch','19950210','Torres garcia, inten.(manuela)',18,'La Laguna','Castaños','Estado de México',90754,'493951255652','nmerveille10@ted.com','fotografia.png',70,024991011030,'20061110');
INSERT INTO entrenador(curp,id_piso,id_edificio,nombre,apellido_pat,apellido_mat,fecha_nacimiento,calle,num_ext,colonia,municipio,estado,cp,telefono,correo,fotografia,salario_x_hora,nss,fecha_inicio) VALUES ('ACBC970730FESKON71',1,2,'Ciro','Ackhurst','Balloch','19970730','Colon',8,'Aculco de Espinoza','Cuatro Ciénegas de Carranza','Estado de México',38756,'3513468078319','jtitchener11@twitpic.com','fotografia.png',70,915366925270,'20020726');
INSERT INTO entrenador(curp,id_piso,id_edificio,nombre,apellido_pat,apellido_mat,fecha_nacimiento,calle,num_ext,colonia,municipio,estado,cp,telefono,correo,fotografia,salario_x_hora,nss,fecha_inicio) VALUES ('MOMJ721225FMODOM42',3,10,'Juan Cruz','Mostin','Morfett','19721225','Daniel zorrilla',200,'Loma de San Ángel','Escobedo','Estado de México',62992,'862599004043','mgavrielli12@cargocollective.com','fotografia.png',70,860222211709,'20211226');
INSERT INTO entrenador(curp,id_piso,id_edificio,nombre,apellido_pat,apellido_mat,fecha_nacimiento,calle,num_ext,colonia,municipio,estado,cp,telefono,correo,fotografia,salario_x_hora,nss,fecha_inicio) VALUES ('BEDT820729MTLSUB58',8,12,'Thiago','Berling','Duthy','19820729','Manuela e rodriguez',122,'Los Héroes III','Francisco I. Madero (Chávez)','CDMX',38515,'19713836306','fnend13@qq.com','fotografia.jpg',70,547276072273,'20090602');
INSERT INTO entrenador(curp,id_piso,id_edificio,nombre,apellido_pat,apellido_mat,fecha_nacimiento,calle,num_ext,colonia,municipio,estado,cp,telefono,correo,fotografia,salario_x_hora,nss,fecha_inicio) VALUES ('BOGL020620FPUKON41',3,14,'Lola','Boodell','Gresswood','20020620','Calle f',196,'Linda Vista','Frontera','CDMX',58496,'635812011700','rbutler14@auda.org.au','fotografia.jpg',70,252571562555,'20121122');
INSERT INTO entrenador(curp,id_piso,id_edificio,nombre,apellido_pat,apellido_mat,fecha_nacimiento,calle,num_ext,colonia,municipio,estado,cp,telefono,correo,fotografia,salario_x_hora,nss,fecha_inicio) VALUES ('REPP940707MTLCAR63',1,15,'Pilar','Reasce','Pic','19940707','Capitan eusebio valdenegro',107,'La Estancia','General Cepeda','CDMX',39734,'302144107127','bgarretson15@zdnet.com','fotografia.jpg',70,758630001193,'20200806');
INSERT INTO entrenador(curp,id_piso,id_edificio,nombre,apellido_pat,apellido_mat,fecha_nacimiento,calle,num_ext,colonia,municipio,estado,cp,telefono,correo,fotografia,salario_x_hora,nss,fecha_inicio) VALUES ('PLHL980314MPUYKS96',3,6,'Lucia','Place','Hellcat','19980314','Zorzal',93,'San Luis Obispo','Guerrero','Estado de México',23358,'634284281299','hsimonassi16@apple.com','fotografia.jpg',70,021629355302,'20080715');
INSERT INTO entrenador(curp,id_piso,id_edificio,nombre,apellido_pat,apellido_mat,fecha_nacimiento,calle,num_ext,colonia,municipio,estado,cp,telefono,correo,fotografia,salario_x_hora,nss,fecha_inicio) VALUES ('PEWL701010FCDALP63',7,7,'Lautaro','Pepperell','Wimmers','19701010','Batallon sarandi',113,'De Tlanepantla','Hidalgo','Tlaxcala',49484,'2188817812207','lsmitherman17@microsoft.com','fotografia.png',70,714769092534,'20030911');
INSERT INTO entrenador(curp,id_piso,id_edificio,nombre,apellido_pat,apellido_mat,fecha_nacimiento,calle,num_ext,colonia,municipio,estado,cp,telefono,correo,fotografia,salario_x_hora,nss,fecha_inicio) VALUES ('MESB790210MMOYDS81',8,11,'Bruno','Meads','Shutler','19790210','1 (ute 12 tio tom)',146,'La Concepción','Jiménez','CDMX',27214,'489542421672','mmccay18@macromedia.com','fotografia.jpg',70,720005265156,'20160610');
INSERT INTO entrenador(curp,id_piso,id_edificio,nombre,apellido_pat,apellido_mat,fecha_nacimiento,calle,num_ext,colonia,municipio,estado,cp,telefono,correo,fotografia,salario_x_hora,nss,fecha_inicio) VALUES ('WOSM750513MESVIV25',7,8,'Malena','Woodus','Sinclair','19750513','Vallejo(pque.miramar),cesar',10,'San Blas Otzacatipan','Juárez','CDMX',90076,'331083093624','kwallbridge19@nbcnews.com','fotografia.png',70,452587532139,'20181109');
INSERT INTO entrenador(curp,id_piso,id_edificio,nombre,apellido_pat,apellido_mat,fecha_nacimiento,calle,num_ext,colonia,municipio,estado,cp,telefono,correo,fotografia,salario_x_hora,nss,fecha_inicio) VALUES ('SISJ921107MCDTIN48',8,1,'Julia','Simoneton','Sclanders','19921107','Zorzal, el',142,'Toluca (Lic. Adolfo López Mateos)','Lamadrid','CDMX',86574,'861087706985','apockett1a@google.it','fotografia.png',70,374473089062,'20101021');
INSERT INTO entrenador(curp,id_piso,id_edificio,nombre,apellido_pat,apellido_mat,fecha_nacimiento,calle,num_ext,colonia,municipio,estado,cp,telefono,correo,fotografia,salario_x_hora,nss,fecha_inicio) VALUES ('PLRD751204FESZON42',7,20,'Dante','Planque','Ropartz','19751204','Pasaje ubajay',93,'Villa Hogar','Matamoros','Estado de México',27417,'865112753755','pfrancioli1b@addthis.com','fotografia.png',70,004192087088,'20141218');
INSERT INTO entrenador(curp,id_piso,id_edificio,nombre,apellido_pat,apellido_mat,fecha_nacimiento,calle,num_ext,colonia,municipio,estado,cp,telefono,correo,fotografia,salario_x_hora,nss,fecha_inicio) VALUES ('FEDV710410MMOFIN77',8,13,'Valentin','Feechum','Drewes','19710410','8',159,'El Cóporo','Monclova','Morelos',83790,'547062391125','cpieracci1c@wp.com','fotografia.jpg',70,367888100679,'20210430');
INSERT INTO entrenador(curp,id_piso,id_edificio,nombre,apellido_pat,apellido_mat,fecha_nacimiento,calle,num_ext,colonia,municipio,estado,cp,telefono,correo,fotografia,salario_x_hora,nss,fecha_inicio) VALUES ('WHSS750614MMOVAG14',8,18,'Salvador','Whardley','Swanton','19750614','Carretera al paso de la azotea',95,'Federal (Adolfo López Mateos)','Morelos','CDMX',77908,'553622409419','cstephenson1d@huffingtonpost.com','fotografia.png',70,034386232835,'20110909');


INSERT INTO sala_entrenamiento(id_sala_entrenamiento,id_piso,id_edificio) VALUES (1,3,4);
INSERT INTO sala_entrenamiento(id_sala_entrenamiento,id_piso,id_edificio) VALUES (2,1,20);
INSERT INTO sala_entrenamiento(id_sala_entrenamiento,id_piso,id_edificio) VALUES (3,4,9);
INSERT INTO sala_entrenamiento(id_sala_entrenamiento,id_piso,id_edificio) VALUES (4,7,18);
INSERT INTO sala_entrenamiento(id_sala_entrenamiento,id_piso,id_edificio) VALUES (5,5,3);
INSERT INTO sala_entrenamiento(id_sala_entrenamiento,id_piso,id_edificio) VALUES (6,5,1);
INSERT INTO sala_entrenamiento(id_sala_entrenamiento,id_piso,id_edificio) VALUES (7,10,8);
INSERT INTO sala_entrenamiento(id_sala_entrenamiento,id_piso,id_edificio) VALUES (8,1,12);
INSERT INTO sala_entrenamiento(id_sala_entrenamiento,id_piso,id_edificio) VALUES (9,6,13);
INSERT INTO sala_entrenamiento(id_sala_entrenamiento,id_piso,id_edificio) VALUES (10,7,11);
INSERT INTO sala_entrenamiento(id_sala_entrenamiento,id_piso,id_edificio) VALUES (11,6,5);
INSERT INTO sala_entrenamiento(id_sala_entrenamiento,id_piso,id_edificio) VALUES (12,9,3);
INSERT INTO sala_entrenamiento(id_sala_entrenamiento,id_piso,id_edificio) VALUES (13,1,14);
INSERT INTO sala_entrenamiento(id_sala_entrenamiento,id_piso,id_edificio) VALUES (14,4,18);
INSERT INTO sala_entrenamiento(id_sala_entrenamiento,id_piso,id_edificio) VALUES (15,4,3);
INSERT INTO sala_entrenamiento(id_sala_entrenamiento,id_piso,id_edificio) VALUES (16,6,7);
INSERT INTO sala_entrenamiento(id_sala_entrenamiento,id_piso,id_edificio) VALUES (17,9,18);
INSERT INTO sala_entrenamiento(id_sala_entrenamiento,id_piso,id_edificio) VALUES (18,3,16);
INSERT INTO sala_entrenamiento(id_sala_entrenamiento,id_piso,id_edificio) VALUES (19,8,16);
INSERT INTO sala_entrenamiento(id_sala_entrenamiento,id_piso,id_edificio) VALUES (20,2,17);
INSERT INTO sala_entrenamiento(id_sala_entrenamiento,id_piso,id_edificio) VALUES (21,8,19);
INSERT INTO sala_entrenamiento(id_sala_entrenamiento,id_piso,id_edificio) VALUES (22,7,3);
INSERT INTO sala_entrenamiento(id_sala_entrenamiento,id_piso,id_edificio) VALUES (23,6,8);
INSERT INTO sala_entrenamiento(id_sala_entrenamiento,id_piso,id_edificio) VALUES (24,6,2);
INSERT INTO sala_entrenamiento(id_sala_entrenamiento,id_piso,id_edificio) VALUES (25,7,18);
INSERT INTO sala_entrenamiento(id_sala_entrenamiento,id_piso,id_edificio) VALUES (26,7,1);
INSERT INTO sala_entrenamiento(id_sala_entrenamiento,id_piso,id_edificio) VALUES (27,6,14);
INSERT INTO sala_entrenamiento(id_sala_entrenamiento,id_piso,id_edificio) VALUES (28,2,19);
INSERT INTO sala_entrenamiento(id_sala_entrenamiento,id_piso,id_edificio) VALUES (29,9,17);
INSERT INTO sala_entrenamiento(id_sala_entrenamiento,id_piso,id_edificio) VALUES (30,7,4);
INSERT INTO sala_entrenamiento(id_sala_entrenamiento,id_piso,id_edificio) VALUES (31,2,8);
INSERT INTO sala_entrenamiento(id_sala_entrenamiento,id_piso,id_edificio) VALUES (32,6,6);
INSERT INTO sala_entrenamiento(id_sala_entrenamiento,id_piso,id_edificio) VALUES (33,3,5);
INSERT INTO sala_entrenamiento(id_sala_entrenamiento,id_piso,id_edificio) VALUES (34,6,18);
INSERT INTO sala_entrenamiento(id_sala_entrenamiento,id_piso,id_edificio) VALUES (35,5,6);
INSERT INTO sala_entrenamiento(id_sala_entrenamiento,id_piso,id_edificio) VALUES (36,7,10);
INSERT INTO sala_entrenamiento(id_sala_entrenamiento,id_piso,id_edificio) VALUES (37,5,20);
INSERT INTO sala_entrenamiento(id_sala_entrenamiento,id_piso,id_edificio) VALUES (38,8,13);
INSERT INTO sala_entrenamiento(id_sala_entrenamiento,id_piso,id_edificio) VALUES (39,9,1);
INSERT INTO sala_entrenamiento(id_sala_entrenamiento,id_piso,id_edificio) VALUES (40,10,3);
INSERT INTO sala_entrenamiento(id_sala_entrenamiento,id_piso,id_edificio) VALUES (41,7,14);
INSERT INTO sala_entrenamiento(id_sala_entrenamiento,id_piso,id_edificio) VALUES (42,4,6);
INSERT INTO sala_entrenamiento(id_sala_entrenamiento,id_piso,id_edificio) VALUES (43,7,4);
INSERT INTO sala_entrenamiento(id_sala_entrenamiento,id_piso,id_edificio) VALUES (44,2,17);
INSERT INTO sala_entrenamiento(id_sala_entrenamiento,id_piso,id_edificio) VALUES (45,2,9);
INSERT INTO sala_entrenamiento(id_sala_entrenamiento,id_piso,id_edificio) VALUES (46,3,17);
INSERT INTO sala_entrenamiento(id_sala_entrenamiento,id_piso,id_edificio) VALUES (47,10,9);
INSERT INTO sala_entrenamiento(id_sala_entrenamiento,id_piso,id_edificio) VALUES (48,3,4);
INSERT INTO sala_entrenamiento(id_sala_entrenamiento,id_piso,id_edificio) VALUES (49,2,12);
INSERT INTO sala_entrenamiento(id_sala_entrenamiento,id_piso,id_edificio) VALUES (50,1,15);
INSERT INTO sala_entrenamiento(id_sala_entrenamiento,id_piso,id_edificio) VALUES (51,6,20);
INSERT INTO sala_entrenamiento(id_sala_entrenamiento,id_piso,id_edificio) VALUES (52,5,2);
INSERT INTO sala_entrenamiento(id_sala_entrenamiento,id_piso,id_edificio) VALUES (53,6,11);
INSERT INTO sala_entrenamiento(id_sala_entrenamiento,id_piso,id_edificio) VALUES (54,9,13);
INSERT INTO sala_entrenamiento(id_sala_entrenamiento,id_piso,id_edificio) VALUES (55,8,10);
INSERT INTO sala_entrenamiento(id_sala_entrenamiento,id_piso,id_edificio) VALUES (56,3,9);
INSERT INTO sala_entrenamiento(id_sala_entrenamiento,id_piso,id_edificio) VALUES (57,3,19);
INSERT INTO sala_entrenamiento(id_sala_entrenamiento,id_piso,id_edificio) VALUES (58,7,12);
INSERT INTO sala_entrenamiento(id_sala_entrenamiento,id_piso,id_edificio) VALUES (59,1,11);
INSERT INTO sala_entrenamiento(id_sala_entrenamiento,id_piso,id_edificio) VALUES (60,1,2);
INSERT INTO sala_entrenamiento(id_sala_entrenamiento,id_piso,id_edificio) VALUES (61,3,20);
INSERT INTO sala_entrenamiento(id_sala_entrenamiento,id_piso,id_edificio) VALUES (62,6,14);
INSERT INTO sala_entrenamiento(id_sala_entrenamiento,id_piso,id_edificio) VALUES (63,10,5);
INSERT INTO sala_entrenamiento(id_sala_entrenamiento,id_piso,id_edificio) VALUES (64,4,15);
INSERT INTO sala_entrenamiento(id_sala_entrenamiento,id_piso,id_edificio) VALUES (65,2,20);
INSERT INTO sala_entrenamiento(id_sala_entrenamiento,id_piso,id_edificio) VALUES (66,4,20);
INSERT INTO sala_entrenamiento(id_sala_entrenamiento,id_piso,id_edificio) VALUES (67,4,1);
INSERT INTO sala_entrenamiento(id_sala_entrenamiento,id_piso,id_edificio) VALUES (68,10,8);
INSERT INTO sala_entrenamiento(id_sala_entrenamiento,id_piso,id_edificio) VALUES (69,5,13);
INSERT INTO sala_entrenamiento(id_sala_entrenamiento,id_piso,id_edificio) VALUES (70,6,1);
INSERT INTO sala_entrenamiento(id_sala_entrenamiento,id_piso,id_edificio) VALUES (71,10,12);
INSERT INTO sala_entrenamiento(id_sala_entrenamiento,id_piso,id_edificio) VALUES (72,1,1);
INSERT INTO sala_entrenamiento(id_sala_entrenamiento,id_piso,id_edificio) VALUES (73,1,17);
INSERT INTO sala_entrenamiento(id_sala_entrenamiento,id_piso,id_edificio) VALUES (74,8,16);
INSERT INTO sala_entrenamiento(id_sala_entrenamiento,id_piso,id_edificio) VALUES (75,4,18);
INSERT INTO sala_entrenamiento(id_sala_entrenamiento,id_piso,id_edificio) VALUES (76,5,17);
INSERT INTO sala_entrenamiento(id_sala_entrenamiento,id_piso,id_edificio) VALUES (77,2,13);
INSERT INTO sala_entrenamiento(id_sala_entrenamiento,id_piso,id_edificio) VALUES (78,9,5);
INSERT INTO sala_entrenamiento(id_sala_entrenamiento,id_piso,id_edificio) VALUES (79,2,7);
INSERT INTO sala_entrenamiento(id_sala_entrenamiento,id_piso,id_edificio) VALUES (80,2,7);
INSERT INTO sala_entrenamiento(id_sala_entrenamiento,id_piso,id_edificio) VALUES (81,6,6);
INSERT INTO sala_entrenamiento(id_sala_entrenamiento,id_piso,id_edificio) VALUES (82,5,2);
INSERT INTO sala_entrenamiento(id_sala_entrenamiento,id_piso,id_edificio) VALUES (83,2,15);
INSERT INTO sala_entrenamiento(id_sala_entrenamiento,id_piso,id_edificio) VALUES (84,7,13);
INSERT INTO sala_entrenamiento(id_sala_entrenamiento,id_piso,id_edificio) VALUES (85,8,1);
INSERT INTO sala_entrenamiento(id_sala_entrenamiento,id_piso,id_edificio) VALUES (86,10,9);
INSERT INTO sala_entrenamiento(id_sala_entrenamiento,id_piso,id_edificio) VALUES (87,2,6);
INSERT INTO sala_entrenamiento(id_sala_entrenamiento,id_piso,id_edificio) VALUES (88,8,18);
INSERT INTO sala_entrenamiento(id_sala_entrenamiento,id_piso,id_edificio) VALUES (89,4,9);
INSERT INTO sala_entrenamiento(id_sala_entrenamiento,id_piso,id_edificio) VALUES (90,2,2);
INSERT INTO sala_entrenamiento(id_sala_entrenamiento,id_piso,id_edificio) VALUES (91,10,3);
INSERT INTO sala_entrenamiento(id_sala_entrenamiento,id_piso,id_edificio) VALUES (92,1,8);
INSERT INTO sala_entrenamiento(id_sala_entrenamiento,id_piso,id_edificio) VALUES (93,6,18);
INSERT INTO sala_entrenamiento(id_sala_entrenamiento,id_piso,id_edificio) VALUES (94,7,9);
INSERT INTO sala_entrenamiento(id_sala_entrenamiento,id_piso,id_edificio) VALUES (95,2,5);
INSERT INTO sala_entrenamiento(id_sala_entrenamiento,id_piso,id_edificio) VALUES (96,7,8);
INSERT INTO sala_entrenamiento(id_sala_entrenamiento,id_piso,id_edificio) VALUES (97,3,1);
INSERT INTO sala_entrenamiento(id_sala_entrenamiento,id_piso,id_edificio) VALUES (98,9,6);
INSERT INTO sala_entrenamiento(id_sala_entrenamiento,id_piso,id_edificio) VALUES (99,1,1);
INSERT INTO sala_entrenamiento(id_sala_entrenamiento,id_piso,id_edificio) VALUES (100,1,6);
INSERT INTO sala_entrenamiento(id_sala_entrenamiento,id_piso,id_edificio) VALUES (101,5,12);
INSERT INTO sala_entrenamiento(id_sala_entrenamiento,id_piso,id_edificio) VALUES (102,6,17);
INSERT INTO sala_entrenamiento(id_sala_entrenamiento,id_piso,id_edificio) VALUES (103,9,10);
INSERT INTO sala_entrenamiento(id_sala_entrenamiento,id_piso,id_edificio) VALUES (104,4,20);
INSERT INTO sala_entrenamiento(id_sala_entrenamiento,id_piso,id_edificio) VALUES (105,3,9);
INSERT INTO sala_entrenamiento(id_sala_entrenamiento,id_piso,id_edificio) VALUES (106,6,19);
INSERT INTO sala_entrenamiento(id_sala_entrenamiento,id_piso,id_edificio) VALUES (107,4,12);
INSERT INTO sala_entrenamiento(id_sala_entrenamiento,id_piso,id_edificio) VALUES (108,9,9);
INSERT INTO sala_entrenamiento(id_sala_entrenamiento,id_piso,id_edificio) VALUES (109,6,2);
INSERT INTO sala_entrenamiento(id_sala_entrenamiento,id_piso,id_edificio) VALUES (110,6,9);
INSERT INTO sala_entrenamiento(id_sala_entrenamiento,id_piso,id_edificio) VALUES (111,6,19);
INSERT INTO sala_entrenamiento(id_sala_entrenamiento,id_piso,id_edificio) VALUES (112,8,11);
INSERT INTO sala_entrenamiento(id_sala_entrenamiento,id_piso,id_edificio) VALUES (113,1,19);
INSERT INTO sala_entrenamiento(id_sala_entrenamiento,id_piso,id_edificio) VALUES (114,2,15);
INSERT INTO sala_entrenamiento(id_sala_entrenamiento,id_piso,id_edificio) VALUES (115,8,10);
INSERT INTO sala_entrenamiento(id_sala_entrenamiento,id_piso,id_edificio) VALUES (116,2,14);
INSERT INTO sala_entrenamiento(id_sala_entrenamiento,id_piso,id_edificio) VALUES (117,8,2);
INSERT INTO sala_entrenamiento(id_sala_entrenamiento,id_piso,id_edificio) VALUES (118,3,19);
INSERT INTO sala_entrenamiento(id_sala_entrenamiento,id_piso,id_edificio) VALUES (119,4,7);
INSERT INTO sala_entrenamiento(id_sala_entrenamiento,id_piso,id_edificio) VALUES (120,6,6);
INSERT INTO sala_entrenamiento(id_sala_entrenamiento,id_piso,id_edificio) VALUES (121,5,16);
INSERT INTO sala_entrenamiento(id_sala_entrenamiento,id_piso,id_edificio) VALUES (122,1,18);
INSERT INTO sala_entrenamiento(id_sala_entrenamiento,id_piso,id_edificio) VALUES (123,1,3);
INSERT INTO sala_entrenamiento(id_sala_entrenamiento,id_piso,id_edificio) VALUES (124,6,20);
INSERT INTO sala_entrenamiento(id_sala_entrenamiento,id_piso,id_edificio) VALUES (125,8,20);
INSERT INTO sala_entrenamiento(id_sala_entrenamiento,id_piso,id_edificio) VALUES (126,1,7);
INSERT INTO sala_entrenamiento(id_sala_entrenamiento,id_piso,id_edificio) VALUES (127,2,17);
INSERT INTO sala_entrenamiento(id_sala_entrenamiento,id_piso,id_edificio) VALUES (128,5,11);
INSERT INTO sala_entrenamiento(id_sala_entrenamiento,id_piso,id_edificio) VALUES (129,2,20);
INSERT INTO sala_entrenamiento(id_sala_entrenamiento,id_piso,id_edificio) VALUES (130,2,18);
INSERT INTO sala_entrenamiento(id_sala_entrenamiento,id_piso,id_edificio) VALUES (131,5,6);
INSERT INTO sala_entrenamiento(id_sala_entrenamiento,id_piso,id_edificio) VALUES (132,9,6);
INSERT INTO sala_entrenamiento(id_sala_entrenamiento,id_piso,id_edificio) VALUES (133,8,6);
INSERT INTO sala_entrenamiento(id_sala_entrenamiento,id_piso,id_edificio) VALUES (134,3,8);
INSERT INTO sala_entrenamiento(id_sala_entrenamiento,id_piso,id_edificio) VALUES (135,8,8);
INSERT INTO sala_entrenamiento(id_sala_entrenamiento,id_piso,id_edificio) VALUES (136,8,8);
INSERT INTO sala_entrenamiento(id_sala_entrenamiento,id_piso,id_edificio) VALUES (137,5,20);
INSERT INTO sala_entrenamiento(id_sala_entrenamiento,id_piso,id_edificio) VALUES (138,6,15);
INSERT INTO sala_entrenamiento(id_sala_entrenamiento,id_piso,id_edificio) VALUES (139,6,16);
INSERT INTO sala_entrenamiento(id_sala_entrenamiento,id_piso,id_edificio) VALUES (140,7,8);


INSERT INTO cliente(rfc,razon_social,telefono_contacto,persona_contacto,correo_contacto,so) VALUES ('DUHB575167N9','Suncor Energy  Inc.','15012934689','Neville Dedman','ndedman0@answers.com','Windows');
INSERT INTO cliente(rfc,razon_social,telefono_contacto,persona_contacto,correo_contacto,so) VALUES ('REAS19142N40','Cohu, Inc.','551512177343','Ronna Langston','rlangston1@hao123.com','Windows');
INSERT INTO cliente(rfc,razon_social,telefono_contacto,persona_contacto,correo_contacto,so) VALUES ('KEPR5410203E1','PartnerRe Ltd.','551631512277','Clarine Polhill','cpolhill2@tinyurl.com','Windows');
INSERT INTO cliente(rfc,razon_social,telefono_contacto,persona_contacto,correo_contacto,so) VALUES ('UPDB856195N7','DDR Corp.','3853068839110','Ariel Mattes','amattes3@jalbum.net','Windows');
INSERT INTO cliente(rfc,razon_social,telefono_contacto,persona_contacto,correo_contacto,so) VALUES ('SOTL411221A9','China Mobile (Hong Kong) Ltd.','668671716636','Cherida Adlard','cadlard4@symantec.com','Windows');
INSERT INTO cliente(rfc,razon_social,telefono_contacto,persona_contacto,correo_contacto,so) VALUES ('NOSD995112N7','First Financial Bankshares, Inc.','633116690828','Tybi Buxcey','tbuxcey5@microsoft.com','Linux');
INSERT INTO cliente(rfc,razon_social,telefono_contacto,persona_contacto,correo_contacto,so) VALUES ('MAKJ962162N8','Trimble Inc.','201686765137','Dodi Worcs','dworcs6@unicef.org','Windows');
INSERT INTO cliente(rfc,razon_social,telefono_contacto,persona_contacto,correo_contacto,so) VALUES ('DUPG019795A1','CBX (Listing Market NYSE Networks AE','823814160553','Elysha Kender','ekender7@macromedia.com','Linux');
INSERT INTO cliente(rfc,razon_social,telefono_contacto,persona_contacto,correo_contacto,so) VALUES ('ERSG428861N5','Cullen/Frost Bankers, Inc.','624241780514','Emiline Daskiewicz','edaskiewicz8@businessweek.com','Windows');
INSERT INTO cliente(rfc,razon_social,telefono_contacto,persona_contacto,correo_contacto,so) VALUES ('OLKA891165E6','J P Morgan Chase & Co','3515488129815','Fredric Esilmon','fesilmon9@bravesites.com','Windows');
INSERT INTO cliente(rfc,razon_social,telefono_contacto,persona_contacto,correo_contacto,so) VALUES ('BRJC1511289O4','Poage Bankshares, Inc.','623988700805','Hetty Hazle','hhazlea@sakura.ne.jp','Linux');
INSERT INTO cliente(rfc,razon_social,telefono_contacto,persona_contacto,correo_contacto,so) VALUES ('ARCB998165O8','Goldman Sachs Group, Inc. (The)','469551354436','Germain Shattock','gshattockb@about.me','Windows');
INSERT INTO cliente(rfc,razon_social,telefono_contacto,persona_contacto,correo_contacto,so) VALUES ('OLHS1211126A5','Duke Realty Corporation','869428420095','Toni Arnot','tarnotc@gov.uk','Linux');
INSERT INTO cliente(rfc,razon_social,telefono_contacto,persona_contacto,correo_contacto,so) VALUES ('HUBJ376443S3','Cardinal Health, Inc.','663604641584','Valerye Percy','vpercyd@eventbrite.com','Linux');
INSERT INTO cliente(rfc,razon_social,telefono_contacto,persona_contacto,correo_contacto,so) VALUES ('MABP469205N1','Netlist, Inc.','3525893694692','Arline Schole','ascholee@ucsd.edu','Windows');
INSERT INTO cliente(rfc,razon_social,telefono_contacto,persona_contacto,correo_contacto,so) VALUES ('ALLM722567A4','Seres Therapeutics, Inc.','862009046844','Oby Spiby','ospibyf@google.co.uk','Linux');
INSERT INTO cliente(rfc,razon_social,telefono_contacto,persona_contacto,correo_contacto,so) VALUES ('VAOD734155A1','Telephone and Data Systems, Inc.','71892408458','Horst Raynham','hraynhamg@youku.com','Windows');
INSERT INTO cliente(rfc,razon_social,telefono_contacto,persona_contacto,correo_contacto,so) VALUES ('DODD3310206E5','Western Asset Emerging Markets Debt Fund Inc','74392846886','Eldin Dunnett','edunnetth@drupal.org','Linux');
INSERT INTO cliente(rfc,razon_social,telefono_contacto,persona_contacto,correo_contacto,so) VALUES ('INCK554937S4','Pluristem Therapeutics, Inc.','474432936859','Gilberte Antonucci','gantonuccii@blogtalkradio.com','Linux');
INSERT INTO cliente(rfc,razon_social,telefono_contacto,persona_contacto,correo_contacto,so) VALUES ('EVKS985129A7','Duke Realty Corporation','627637437412','Rollin Treby','rtrebyj@posterous.com','Linux');
INSERT INTO cliente(rfc,razon_social,telefono_contacto,persona_contacto,correo_contacto,so) VALUES ('OGAG6611171N1','Clearside Biomedical, Inc.','306293571915','Georgetta Joron','gjoronk@examiner.com','Windows');
INSERT INTO cliente(rfc,razon_social,telefono_contacto,persona_contacto,correo_contacto,so) VALUES ('ILPN991235A8','Anchor Bancorp','927548207930','Linnet Seedull','lseedulll@tonline.de','Linux');
INSERT INTO cliente(rfc,razon_social,telefono_contacto,persona_contacto,correo_contacto,so) VALUES ('TRCN434522O5','Highland Funds I','869926783063','Kiel Murrison','kmurrisonm@clickbank.net','Linux');
INSERT INTO cliente(rfc,razon_social,telefono_contacto,persona_contacto,correo_contacto,so) VALUES ('KEMB8212222O8','Pimco Corporate & Income Opportunity Fund','865785735192','Kendell Abercromby','kabercrombyn@symantec.com','Windows');
INSERT INTO cliente(rfc,razon_social,telefono_contacto,persona_contacto,correo_contacto,so) VALUES ('LIJR5010142N4','Mexico Fund, Inc. (The)','524712844948','Kaylyn Andreopolos','kandreopoloso@angelfire.com','Windows');
INSERT INTO cliente(rfc,razon_social,telefono_contacto,persona_contacto,correo_contacto,so) VALUES ('TUBC432251A1','Banco Santander, S.A.','624509790635','Rudolfo Aldiss','raldissp@123reg.co.uk','Linux');
INSERT INTO cliente(rfc,razon_social,telefono_contacto,persona_contacto,correo_contacto,so) VALUES ('THSG8810111A1','Legacy Reserves LP','663262936007','Nicolette Briggs','nbriggsq@adobe.com','Windows');
INSERT INTO cliente(rfc,razon_social,telefono_contacto,persona_contacto,correo_contacto,so) VALUES ('COCL3611162E7','GoDaddy Inc.','77382619898','Prescott Burlay','pburlayr@businessinsider.com','Windows');
INSERT INTO cliente(rfc,razon_social,telefono_contacto,persona_contacto,correo_contacto,so) VALUES ('SOOT671229S2','Plug Power, Inc.','9983658995079','Bobbie O''Meara','bomearas@prweb.com','Windows');
INSERT INTO cliente(rfc,razon_social,telefono_contacto,persona_contacto,correo_contacto,so) VALUES ('COOD537254N7','First Trust Dorsey Wright Focus 5 ETF','638018010997','Sofia Stokoe','sstokoet@ow.ly','Linux');
INSERT INTO cliente(rfc,razon_social,telefono_contacto,persona_contacto,correo_contacto,so) VALUES ('IKFK288184S9','PowerShares Global Water Portfolio','3803926310724','Andy Venney','avenneyu@usgs.gov','Windows');
INSERT INTO cliente(rfc,razon_social,telefono_contacto,persona_contacto,correo_contacto,so) VALUES ('TEAB592231S6','Campbell Soup Company','514392869708','Tad Fortun','tfortunv@posterous.com','Linux');
INSERT INTO cliente(rfc,razon_social,telefono_contacto,persona_contacto,correo_contacto,so) VALUES ('WIBE339254N3','Aimmune Therapeutics, Inc.','627228084081','Manya Jollye','mjollyew@webmd.com','Windows');
INSERT INTO cliente(rfc,razon_social,telefono_contacto,persona_contacto,correo_contacto,so) VALUES ('BASJ197156A9','Rice Midstream Partners LP','869903759423','Grete Parsonson','gparsonsonx@shareasale.com','Linux');
INSERT INTO cliente(rfc,razon_social,telefono_contacto,persona_contacto,correo_contacto,so) VALUES ('SKFF767755A2','China JoJo Drugstores, Inc.','5043273596344','Esmaria Compson','ecompsony@free.fr','Linux');
INSERT INTO cliente(rfc,razon_social,telefono_contacto,persona_contacto,correo_contacto,so) VALUES ('WRFN871175E5','Clean Diesel Technologies, Inc.','986289090940','Elvina Edland','eedlandz@usnews.com','Windows');
INSERT INTO cliente(rfc,razon_social,telefono_contacto,persona_contacto,correo_contacto,so) VALUES ('ASSC5612281N2','Vanguard International Dividend Appreciation ETF','514883101765','Viva Dighton','vdighton10@stanford.edu','Windows');
INSERT INTO cliente(rfc,razon_social,telefono_contacto,persona_contacto,correo_contacto,so) VALUES ('GUPR751127A2','ING Group, N.V.','812722432795','Claudine Shelborne','cshelborne11@bandcamp.com','Linux');
INSERT INTO cliente(rfc,razon_social,telefono_contacto,persona_contacto,correo_contacto,so) VALUES ('LEMF511275N4','NF Energy Saving Corporation','338672303133','Winfield Seston','wseston12@google.com','Linux');
INSERT INTO cliente(rfc,razon_social,telefono_contacto,persona_contacto,correo_contacto,so) VALUES ('SEBA645375A4','Zymeworks Inc.','576955046434','Fairfax Drance','fdrance13@1688.com','Linux');
INSERT INTO cliente(rfc,razon_social,telefono_contacto,persona_contacto,correo_contacto,so) VALUES ('HICJ277259N9','XTL Biopharmaceuticals Ltd.','868047883765','Reuven Ianelli','rianelli14@thetimes.co.uk','Windows');
INSERT INTO cliente(rfc,razon_social,telefono_contacto,persona_contacto,correo_contacto,so) VALUES ('HAQD979294S1','Sibanye Gold Limited','462643825947','Chip Verheyden','cverheyden15@feedburner.com','Windows');
INSERT INTO cliente(rfc,razon_social,telefono_contacto,persona_contacto,correo_contacto,so) VALUES ('BRKO637573S4','Perion Network Ltd','15123357501','Nomi Hobson','nhobson16@shareasale.com','Windows');
INSERT INTO cliente(rfc,razon_social,telefono_contacto,persona_contacto,correo_contacto,so) VALUES ('BLGO889105N6','Sabre Corporation','629378430815','Chicky Gooke','cgooke17@who.int','Linux');
INSERT INTO cliente(rfc,razon_social,telefono_contacto,persona_contacto,correo_contacto,so) VALUES ('BERF806221N9','First Trust Nasdaq Food & Beverage ETF','331079266128','Marice Brunetti','mbrunetti18@mapquest.com','Windows');
INSERT INTO cliente(rfc,razon_social,telefono_contacto,persona_contacto,correo_contacto,so) VALUES ('CABN5312114N1','Urstadt Biddle Properties Inc.','863797423170','Eileen Cordall','ecordall19@gmpg.org','Linux');
INSERT INTO cliente(rfc,razon_social,telefono_contacto,persona_contacto,correo_contacto,so) VALUES ('SHCG119141A3','Weatherford International plc','489091688676','Melessa Malkin','mmalkin1a@naver.com','Windows');
INSERT INTO cliente(rfc,razon_social,telefono_contacto,persona_contacto,correo_contacto,so) VALUES ('LAWL6312157O1','Shineco, Inc.','2511631800182','Edie Hynd','ehynd1b@howstuffworks.com','Windows');
INSERT INTO cliente(rfc,razon_social,telefono_contacto,persona_contacto,correo_contacto,so) VALUES ('SCWC125689E7','Avinger, Inc.','867156206547','Fabio Whittier','fwhittier1c@eepurl.com','Windows');
INSERT INTO cliente(rfc,razon_social,telefono_contacto,persona_contacto,correo_contacto,so) VALUES ('OUGB478241N3','Patriot National Bancorp Inc.','12606185710','Stevy Eyre','seyre1d@csmonitor.com','Windows');
INSERT INTO cliente(rfc,razon_social,telefono_contacto,persona_contacto,correo_contacto,so) VALUES ('RELK419185A8','iPath US Treasury 5year Bull ETN','663575891624','Lennard Doogan','ldoogan1e@oakley.com','Linux');
INSERT INTO cliente(rfc,razon_social,telefono_contacto,persona_contacto,correo_contacto,so) VALUES ('PEGH519189N7','Cellectar Biosciences, Inc.','2123339424295','Benny Stanesby','bstanesby1f@amazonaws.com','Linux');
INSERT INTO cliente(rfc,razon_social,telefono_contacto,persona_contacto,correo_contacto,so) VALUES ('JOBQ757277N7','SPX FLOW, Inc.','3579822355341','Petronella Broxup','pbroxup1g@sciencedirect.com','Windows');
INSERT INTO cliente(rfc,razon_social,telefono_contacto,persona_contacto,correo_contacto,so) VALUES ('OSPA846859N9','Rubicon Technology, Inc.','864475947885','Serene Fairebrother','sfairebrother1h@soundcloud.com','Windows');
INSERT INTO cliente(rfc,razon_social,telefono_contacto,persona_contacto,correo_contacto,so) VALUES ('JAMG72567N10','RCM Technologies, Inc.','6917713484980','Alister Legerwood','alegerwood1i@home.pl','Linux');
INSERT INTO cliente(rfc,razon_social,telefono_contacto,persona_contacto,correo_contacto,so) VALUES ('OFPP9146148N9','Gafisa SA','9675312190317','Jessamyn Rudledge','jrudledge1j@cafepress.com','Windows');
INSERT INTO cliente(rfc,razon_social,telefono_contacto,persona_contacto,correo_contacto,so) VALUES ('GESZ1237229N6','TakeTwo Interactive Software, Inc.','2612353515981','Billie Heathcote','bheathcote1k@uiuc.edu','Windows');
INSERT INTO cliente(rfc,razon_social,telefono_contacto,persona_contacto,correo_contacto,so) VALUES ('LIVO6212251N9','Heico Corporation','869958841212','Marylinda Peter','mpeter1l@house.gov','Linux');
INSERT INTO cliente(rfc,razon_social,telefono_contacto,persona_contacto,correo_contacto,so) VALUES ('SLDA156112S2','VCA Inc.','2324922622209','Quintana Reskelly','qreskelly1m@seattletimes.com','Windows');
INSERT INTO cliente(rfc,razon_social,telefono_contacto,persona_contacto,correo_contacto,so) VALUES ('PESM768258S4','CytomX Therapeutics, Inc.','2189301104295','Ethel Moreton','emoreton1n@unblog.fr','Linux');
INSERT INTO cliente(rfc,razon_social,telefono_contacto,persona_contacto,correo_contacto,so) VALUES ('GOLA841307S1','Sanofi','75024049674','Sarajane Landsberg','slandsberg1o@i2i.jp','Linux');
INSERT INTO cliente(rfc,razon_social,telefono_contacto,persona_contacto,correo_contacto,so) VALUES ('BERP375222N2','Reata Pharmaceuticals, Inc.','621542240543','Dallon Geleman','dgeleman1p@bloomberg.com','Windows');
INSERT INTO cliente(rfc,razon_social,telefono_contacto,persona_contacto,correo_contacto,so) VALUES ('SCMS764063A4','Nuveen Select Tax Free Income Portfolio II','15629586331','Craggy Woolnough','cwoolnough1q@un.org','Linux');
INSERT INTO cliente(rfc,razon_social,telefono_contacto,persona_contacto,correo_contacto,so) VALUES ('EBNL6253231A6','GRAVITY Co., Ltd.','4208957419379','Rozanne Gledstane','rgledstane1r@mysql.com','Windows');
INSERT INTO cliente(rfc,razon_social,telefono_contacto,persona_contacto,correo_contacto,so) VALUES ('PRAA996691O5','CardConnect Corp.','626178581783','Vinnie Navein','vnavein1s@mashable.com','Windows');
INSERT INTO cliente(rfc,razon_social,telefono_contacto,persona_contacto,correo_contacto,so) VALUES ('TRLK638709N8','Delta Technology Holdings Limited','666275518670','Peria Lifton','plifton1t@businessweek.com','Linux');
INSERT INTO cliente(rfc,razon_social,telefono_contacto,persona_contacto,correo_contacto,so) VALUES ('RHEL563196O6','Bridgepoint Education, Inc.','868162942946','Barrett Hedger','bhedger1u@ezinearticles.com','Windows');
INSERT INTO cliente(rfc,razon_social,telefono_contacto,persona_contacto,correo_contacto,so) VALUES ('COCE5910268A9','Global X Health & Wellness Thematic ETF','2371409304250','Emmery Tunnadine','etunnadine1v@sciencedaily.com','Windows');
INSERT INTO cliente(rfc,razon_social,telefono_contacto,persona_contacto,correo_contacto,so) VALUES ('MCSC851132N4','Bank Of Montreal','626262577186','Bernard Lorking','blorking1w@smh.com.au','Windows');
INSERT INTO cliente(rfc,razon_social,telefono_contacto,persona_contacto,correo_contacto,so) VALUES ('RUSB212183O3','First Trust Managed Municipal ETF','11327098874','Konrad Triebner','ktriebner1x@sun.com','Linux');
INSERT INTO cliente(rfc,razon_social,telefono_contacto,persona_contacto,correo_contacto,so) VALUES ('HASS571251A7','Nuance Communications, Inc.','11103376119','Hermy Cobbledick','hcobbledick1y@unicef.org','Linux');
INSERT INTO cliente(rfc,razon_social,telefono_contacto,persona_contacto,correo_contacto,so) VALUES ('SIHD662131O8','Mastercard Incorporated','663558246269','Tierney Miners','tminers1z@multiply.com','Linux');
INSERT INTO cliente(rfc,razon_social,telefono_contacto,persona_contacto,correo_contacto,so) VALUES ('ZAWJ855281A5','Agilent Technologies, Inc.','489867925300','Teresita Deegan','tdeegan20@tmall.com','Windows');
INSERT INTO cliente(rfc,razon_social,telefono_contacto,persona_contacto,correo_contacto,so) VALUES ('JUFH536501E4','Cerner Corporation','489612952643','Dulci Hungerford','dhungerford21@wiley.com','Linux');
INSERT INTO cliente(rfc,razon_social,telefono_contacto,persona_contacto,correo_contacto,so) VALUES ('CAOC538242A6','Ares Capital Corporation','629823094380','Amata Dykins','adykins22@sina.com.cn','Windows');
INSERT INTO cliente(rfc,razon_social,telefono_contacto,persona_contacto,correo_contacto,so) VALUES ('ELFB674255O5','Lonestar Resources US Inc.','2994995321312','Merrielle Wiggins','mwiggins23@jigsy.com','Windows');
INSERT INTO cliente(rfc,razon_social,telefono_contacto,persona_contacto,correo_contacto,so) VALUES ('LABK381257A2','Great Elm Capital Corp.','73334203603','Sanders Menichelli','smenichelli24@meetup.com','Windows');
INSERT INTO cliente(rfc,razon_social,telefono_contacto,persona_contacto,correo_contacto,so) VALUES ('CHMC492307S4','Goldman Sachs Group, Inc. (The)','3516273198651','Ranique Roser','rroser25@dmoz.org','Linux');
INSERT INTO cliente(rfc,razon_social,telefono_contacto,persona_contacto,correo_contacto,so) VALUES ('PERC387183O3','Life Storage, Inc.','2586158941541','Eric de la Tremoille','ede26@google.pl','Linux');
INSERT INTO cliente(rfc,razon_social,telefono_contacto,persona_contacto,correo_contacto,so) VALUES ('GOPR27917E30','Value Line, Inc.','865923917082','Brittni Durand','bdurand27@parallels.com','Windows');
INSERT INTO cliente(rfc,razon_social,telefono_contacto,persona_contacto,correo_contacto,so) VALUES ('PAIW711226A2','Embotelladora Andina S.A.','633501352065','Brenn Ivashkov','bivashkov28@w3.org','Linux');
INSERT INTO cliente(rfc,razon_social,telefono_contacto,persona_contacto,correo_contacto,so) VALUES ('BLKK735217S1','NetSol Technologies Inc.','523213490481','Valentina Episcopi','vepiscopi29@techcrunch.com','Windows');
INSERT INTO cliente(rfc,razon_social,telefono_contacto,persona_contacto,correo_contacto,so) VALUES ('WION159188A2','Global X Internet of Things ETF','624222225692','Marijo Bygrove','mbygrove2a@prweb.com','Linux');
INSERT INTO cliente(rfc,razon_social,telefono_contacto,persona_contacto,correo_contacto,so) VALUES ('CHCW94855E80','STRATS Trust','923853974711','Gena McQueen','gmcqueen2b@domainmarket.com','Linux');
INSERT INTO cliente(rfc,razon_social,telefono_contacto,persona_contacto,correo_contacto,so) VALUES ('TERD984291N3','Navios Maritime Holdings Inc.','3512636106552','Chicky de Keyser','cde2c@alibaba.com','Linux');
INSERT INTO cliente(rfc,razon_social,telefono_contacto,persona_contacto,correo_contacto,so) VALUES ('JIQU52154N80','Blackstone / GSO Strategic Credit Fund','71966632380','Constantia Sharram','csharram2d@reverbnation.com','Windows');
INSERT INTO cliente(rfc,razon_social,telefono_contacto,persona_contacto,correo_contacto,so) VALUES ('POTJ451174S3','Basic Energy Services, Inc.','486809876680','Danyette Brittain','dbrittain2e@unc.edu','Windows');
INSERT INTO cliente(rfc,razon_social,telefono_contacto,persona_contacto,correo_contacto,so) VALUES ('YASB366106E4','EPR Properties','638945888524','Elroy Castillo','ecastillo2f@dailymail.co.uk','Windows');
INSERT INTO cliente(rfc,razon_social,telefono_contacto,persona_contacto,correo_contacto,so) VALUES ('MAFR737102S7','Liberty Media Corporation','865293264175','Agathe Marusik','amarusik2g@blogger.com','Windows');
INSERT INTO cliente(rfc,razon_social,telefono_contacto,persona_contacto,correo_contacto,so) VALUES ('HAOT714309N9','VanEck Vectors Biotech ETF','814366774620','Caty Lissaman','clissaman2h@pinterest.com','Linux');
INSERT INTO cliente(rfc,razon_social,telefono_contacto,persona_contacto,correo_contacto,so) VALUES ('DUCD55376N80','Landmark Infrastructure Partners LP','5052736945064','Silvio Denholm','sdenholm2i@myspace.com','Windows');
INSERT INTO cliente(rfc,razon_social,telefono_contacto,persona_contacto,correo_contacto,so) VALUES ('KEGE63445A06','Steel Partners Holdings LP','3877243587591','Nelle Peabody','npeabody2j@blogspot.com','Windows');
INSERT INTO cliente(rfc,razon_social,telefono_contacto,persona_contacto,correo_contacto,so) VALUES ('OLKD973252E4','Mattersight Corporation','849426776612','Elladine Amos','eamos2k@goo.ne.jp','Linux');
INSERT INTO cliente(rfc,razon_social,telefono_contacto,persona_contacto,correo_contacto,so) VALUES ('CAMO542106O6','Dynex Capital, Inc.','555451197320','Emyle Caselick','ecaselick2l@spiegel.de','Linux');
INSERT INTO cliente(rfc,razon_social,telefono_contacto,persona_contacto,correo_contacto,so) VALUES ('LIGR227288A7','Federal Realty Investment Trust','9987422910846','Fanny Phillipson','fphillipson2m@gravatar.com','Linux');
INSERT INTO cliente(rfc,razon_social,telefono_contacto,persona_contacto,correo_contacto,so) VALUES ('LAUF2112232N','BuildABear Workshop, Inc.','557703669362','Xavier Bonder','xbonder2n@google.fr','Windows');
INSERT INTO cliente(rfc,razon_social,telefono_contacto,persona_contacto,correo_contacto,so) VALUES ('RIJH971115O8','Oxford Industries, Inc.','3851452446926','Reba Matley','rmatley2o@overblog.com','Windows');
INSERT INTO cliente(rfc,razon_social,telefono_contacto,persona_contacto,correo_contacto,so) VALUES ('BACL67516E70','Paratek Pharmaceuticals, Inc.','861798132297','Chaddie Cawdery','ccawdery2p@gmpg.org','Windows');
INSERT INTO cliente(rfc,razon_social,telefono_contacto,persona_contacto,correo_contacto,so) VALUES ('PIDH979304A20','M III Acquisition Corp.','922478361743','Mariam Johnsson','mjohnsson2q@wikispaces.com','Linux');
INSERT INTO cliente(rfc,razon_social,telefono_contacto,persona_contacto,correo_contacto,so) VALUES ('BAGA215186O09','Arrow DWA Tactical ETF','865903606899','Suzann Apperley','sapperley2r@rediff.com','Windows');


INSERT INTO curso(id_curso,id_entrenador,id_sala_entrenamiento,id_piso,id_edificio,id_cliente,nombre_curso,turno,fecha_inicio,fecha_fin,modalidad,num_horas) VALUES (1,'GLLV730709FCDZAT94',null,null,null,'JAMG72567N10','Services','Matutino','20220207','20220825','Linea',42);
INSERT INTO curso(id_curso,id_entrenador,id_sala_entrenamiento,id_piso,id_edificio,id_cliente,nombre_curso,turno,fecha_inicio,fecha_fin,modalidad,num_horas) VALUES (2,'BESJ040819MESTRE17',null,null,null,'DODD3310206E5','Product Management','Matutino','20220407','20220625','Linea',36);
INSERT INTO curso(id_curso,id_entrenador,id_sala_entrenamiento,id_piso,id_edificio,id_cliente,nombre_curso,turno,fecha_inicio,fecha_fin,modalidad,num_horas) VALUES (3,'RIDB850707MMOLAT48',null,null,null,'LEMF511275N4','Product Management','Matutino','20220405','20220703','Linea',42);
INSERT INTO curso(id_curso,id_entrenador,id_sala_entrenamiento,id_piso,id_edificio,id_cliente,nombre_curso,turno,fecha_inicio,fecha_fin,modalidad,num_horas) VALUES (4,'RIPM980520FPUAND25',null,null,null,'SIHD662131O8','Training','Matutino','20220309','20221017','Linea',36);
INSERT INTO curso(id_curso,id_entrenador,id_sala_entrenamiento,id_piso,id_edificio,id_cliente,nombre_curso,turno,fecha_inicio,fecha_fin,modalidad,num_horas) VALUES (5,'GLAI860321MMOKAN25',null,null,null,'DODD3310206E5','Accounting','Matutino','20220215','20220615','Linea',42);
INSERT INTO curso(id_curso,id_entrenador,id_sala_entrenamiento,id_piso,id_edificio,id_cliente,nombre_curso,turno,fecha_inicio,fecha_fin,modalidad,num_horas) VALUES (6,'AIMV980318MCDFIN49',null,null,null,'SKFF767755A2','Engineering','Vespertino','20220410','20221027','Linea',36);
INSERT INTO curso(id_curso,id_entrenador,id_sala_entrenamiento,id_piso,id_edificio,id_cliente,nombre_curso,turno,fecha_inicio,fecha_fin,modalidad,num_horas) VALUES (7,'LIFT801215MCDVAG48',null,null,null,'IKFK288184S9','Sales','Vespertino','20220122','20221018','Linea',36);
INSERT INTO curso(id_curso,id_entrenador,id_sala_entrenamiento,id_piso,id_edificio,id_cliente,nombre_curso,turno,fecha_inicio,fecha_fin,modalidad,num_horas) VALUES (8,'BEMC960404MTLSTR13',null,null,null,'WION159188A2','Product Management','Vespertino','20220411','20220628','Linea',36);
INSERT INTO curso(id_curso,id_entrenador,id_sala_entrenamiento,id_piso,id_edificio,id_cliente,nombre_curso,turno,fecha_inicio,fecha_fin,modalidad,num_horas) VALUES (9,'IVSM850618MTLDAL15',null,null,null,'OSPA846859N9','Services','Vespertino','20220522','20220628','Linea',42);
INSERT INTO curso(id_curso,id_entrenador,id_sala_entrenamiento,id_piso,id_edificio,id_cliente,nombre_curso,turno,fecha_inicio,fecha_fin,modalidad,num_horas) VALUES (10,'COCV890304FPUBYT94',null,null,null,'HAQD979294S1','Marketing','Vespertino','20220212','20220828','Linea',36);
INSERT INTO curso(id_curso,id_entrenador,id_sala_entrenamiento,id_piso,id_edificio,id_cliente,nombre_curso,turno,fecha_inicio,fecha_fin,modalidad,num_horas) VALUES (11,'LAVF770918FESTRE84',null,null,null,'RELK419185A8','Engineering','Vespertino','20220509','20220809','Linea',42);
INSERT INTO curso(id_curso,id_entrenador,id_sala_entrenamiento,id_piso,id_edificio,id_cliente,nombre_curso,turno,fecha_inicio,fecha_fin,modalidad,num_horas) VALUES (12,'CAMB750204FESRON38',null,null,null,'REAS19142N40','Training','Vespertino','20220410','20220808','Linea',42);
INSERT INTO curso(id_curso,id_entrenador,id_sala_entrenamiento,id_piso,id_edificio,id_cliente,nombre_curso,turno,fecha_inicio,fecha_fin,modalidad,num_horas) VALUES (13,'HOSG760627FTLSTI56',null,null,null,'CHMC492307S4','Engineering','Vespertino','20220304','20220717','Linea',42);
INSERT INTO curso(id_curso,id_entrenador,id_sala_entrenamiento,id_piso,id_edificio,id_cliente,nombre_curso,turno,fecha_inicio,fecha_fin,modalidad,num_horas) VALUES (14,'LOPR901031FCDQUO59',null,null,null,'NOSD995112N7','Research and Development','Vespertino','20220513','20221118','Linea',36);
INSERT INTO curso(id_curso,id_entrenador,id_sala_entrenamiento,id_piso,id_edificio,id_cliente,nombre_curso,turno,fecha_inicio,fecha_fin,modalidad,num_horas) VALUES (15,'MCGJ950210MPUKON87',null,null,null,'CHCW94855E80','Legal','Vespertino','20220325','20220914','Linea',36);
INSERT INTO curso(id_curso,id_entrenador,id_sala_entrenamiento,id_piso,id_edificio,id_cliente,nombre_curso,turno,fecha_inicio,fecha_fin,modalidad,num_horas) VALUES (16,'HAES980222MMOBIT15',null,null,null,'OUGB478241N3','Sales','Matutino','20220524','20221010','Linea',36);
INSERT INTO curso(id_curso,id_entrenador,id_sala_entrenamiento,id_piso,id_edificio,id_cliente,nombre_curso,turno,fecha_inicio,fecha_fin,modalidad,num_horas) VALUES (17,'LASI940819MPUTIN89',null,null,null,'JIQU52154N80','Engineering','Matutino','20220103','20220722','Linea',42);
INSERT INTO curso(id_curso,id_entrenador,id_sala_entrenamiento,id_piso,id_edificio,id_cliente,nombre_curso,turno,fecha_inicio,fecha_fin,modalidad,num_horas) VALUES (18,'TUVO700305MCDVAG94',null,null,null,'GESZ1237229N6','Human Resources','Matutino','20220428','20220808','Linea',42);
INSERT INTO curso(id_curso,id_entrenador,id_sala_entrenamiento,id_piso,id_edificio,id_cliente,nombre_curso,turno,fecha_inicio,fecha_fin,modalidad,num_horas) VALUES (19,'HIPD760627FESSTI43',null,null,null,'DUPG019795A1','Business Development','Matutino','20220125','20220822','Linea',42);
INSERT INTO curso(id_curso,id_entrenador,id_sala_entrenamiento,id_piso,id_edificio,id_cliente,nombre_curso,turno,fecha_inicio,fecha_fin,modalidad,num_horas) VALUES (20,'CLSB970220MCDTRE33',null,null,null,'JOBQ757277N7','Product Management','Matutino','20220329','20220716','Linea',36);
INSERT INTO curso(id_curso,id_entrenador,id_sala_entrenamiento,id_piso,id_edificio,id_cliente,nombre_curso,turno,fecha_inicio,fecha_fin,modalidad,num_horas) VALUES (21,'GUWL970208MMOCAR45',null,null,null,'COCL3611162E7','Sales','Vespertino','20220522','20221029','Linea',36);
INSERT INTO curso(id_curso,id_entrenador,id_sala_entrenamiento,id_piso,id_edificio,id_cliente,nombre_curso,turno,fecha_inicio,fecha_fin,modalidad,num_horas) VALUES (22,'WIGF760612FTLOVE57',null,null,null,'COCE5910268A9','Human Resources','Vespertino','20220301','20220816','Linea',42);
INSERT INTO curso(id_curso,id_entrenador,id_sala_entrenamiento,id_piso,id_edificio,id_cliente,nombre_curso,turno,fecha_inicio,fecha_fin,modalidad,num_horas) VALUES (23,'BASS821127MTLDUO73',null,null,null,'OFPP9146148N9','Legal','Vespertino','20220106','20221011','Linea',42);
INSERT INTO curso(id_curso,id_entrenador,id_sala_entrenamiento,id_piso,id_edificio,id_cliente,nombre_curso,turno,fecha_inicio,fecha_fin,modalidad,num_horas) VALUES (24,'ACBC970730FESKON71',null,null,null,'HASS571251A7','Support','Vespertino','20220426','20221107','Linea',36);
INSERT INTO curso(id_curso,id_entrenador,id_sala_entrenamiento,id_piso,id_edificio,id_cliente,nombre_curso,turno,fecha_inicio,fecha_fin,modalidad,num_horas) VALUES (25,'DUWJ940113MCDHOM34',null,null,null,'TRCN434522O5','Support','Vespertino','20220322','20220823','Linea',42);
INSERT INTO curso(id_curso,id_entrenador,id_sala_entrenamiento,id_piso,id_edificio,id_cliente,nombre_curso,turno,fecha_inicio,fecha_fin,modalidad,num_horas) VALUES (26,'MCFE891116FESFIN29',null,null,null,'SCMS764063A4','Legal','Vespertino','20220523','20220719','Linea',36);
INSERT INTO curso(id_curso,id_entrenador,id_sala_entrenamiento,id_piso,id_edificio,id_cliente,nombre_curso,turno,fecha_inicio,fecha_fin,modalidad,num_horas) VALUES (27,'PESG951104MESZAA89',null,null,null,'SEBA645375A4','Accounting','Vespertino','20220313','20220628','Linea',36);
INSERT INTO curso(id_curso,id_entrenador,id_sala_entrenamiento,id_piso,id_edificio,id_cliente,nombre_curso,turno,fecha_inicio,fecha_fin,modalidad,num_horas) VALUES (28,'MOMJ721225FMODOM42',null,null,null,'BAGA215186O09','Sales','Vespertino','20220321','20221025','Linea',42);
INSERT INTO curso(id_curso,id_entrenador,id_sala_entrenamiento,id_piso,id_edificio,id_cliente,nombre_curso,turno,fecha_inicio,fecha_fin,modalidad,num_horas) VALUES (29,'HAMF860623MTLKAN84',null,null,null,'SKFF767755A2','Training','Vespertino','20220123','20220715','Linea',36);
INSERT INTO curso(id_curso,id_entrenador,id_sala_entrenamiento,id_piso,id_edificio,id_cliente,nombre_curso,turno,fecha_inicio,fecha_fin,modalidad,num_horas) VALUES (30,'SISJ921107MCDTIN48',null,null,null,'JUFH536501E4','Training','Vespertino','20220205','20220709','Linea',42);
INSERT INTO curso(id_curso,id_entrenador,id_sala_entrenamiento,id_piso,id_edificio,id_cliente,nombre_curso,turno,fecha_inicio,fecha_fin,modalidad,num_horas) VALUES (31,'DOTE760721MPUTIN83',null,null,null,'PIDH979304A20','Research and Development','Matutino','20220424','20220615','Linea',36);
INSERT INTO curso(id_curso,id_entrenador,id_sala_entrenamiento,id_piso,id_edificio,id_cliente,nombre_curso,turno,fecha_inicio,fecha_fin,modalidad,num_horas) VALUES (32,'SERJ811122MTLALP35',null,null,null,'BAGA215186O09','Business Development','Matutino','20220427','20221016','Linea',36);
INSERT INTO curso(id_curso,id_entrenador,id_sala_entrenamiento,id_piso,id_edificio,id_cliente,nombre_curso,turno,fecha_inicio,fecha_fin,modalidad,num_horas) VALUES (33,'REPP940707MTLCAR63',null,null,null,'LIGR227288A7','Legal','Matutino','20220517','20220614','Linea',42);
INSERT INTO curso(id_curso,id_entrenador,id_sala_entrenamiento,id_piso,id_edificio,id_cliente,nombre_curso,turno,fecha_inicio,fecha_fin,modalidad,num_horas) VALUES (34,'HEFA020416MESLOT58',null,null,null,'TRLK638709N8','Training','Matutino','20220404','20220920','Linea',42);
INSERT INTO curso(id_curso,id_entrenador,id_sala_entrenamiento,id_piso,id_edificio,id_cliente,nombre_curso,turno,fecha_inicio,fecha_fin,modalidad,num_horas) VALUES (35,'JOTS730207MPUBIO72',null,null,null,'GESZ1237229N6','Product Management','Matutino','20220424','20220610','Linea',36);


INSERT INTO agente_telefonico(curp,id_piso,id_edificio,id_curso,nombre,apellido_pat,apellido_mat,fecha_nacimiento,calle,num_ext,colonia,municipio,estado,cp,telefono,correo,fotografia,salario_x_hora,evaluacion) VALUES ('NUCZ900612MTLKON58',3,13,6,'Zoe Yovana','Nutley','Cayle','19900612','Chacra cattai',80,'Santa María Zozoquilpan','Asientos','Oaxaca',27254,'519133660013','bjoret0@google.ru','fotografia.png',40,10);
INSERT INTO agente_telefonico(curp,id_piso,id_edificio,id_curso,nombre,apellido_pat,apellido_mat,fecha_nacimiento,calle,num_ext,colonia,municipio,estado,cp,telefono,correo,fotografia,salario_x_hora,evaluacion) VALUES ('COSM030816MCDSUB69',2,17,21,'Mérida Jazmín','Coleiro','Shelford','20030816','Bo.sociedad civil pedro rivero',76,'La Soledad','Calvillo','Nayarit',43021,'3853715993739','rchirm1@auda.org.au','fotografia.png',40,9);
INSERT INTO agente_telefonico(curp,id_piso,id_edificio,id_curso,nombre,apellido_pat,apellido_mat,fecha_nacimiento,calle,num_ext,colonia,municipio,estado,cp,telefono,correo,fotografia,salario_x_hora,evaluacion) VALUES ('DEHK720113FPUMAT56',9,2,14,'Katherine Valentina','Destouche','Hargraves','19720113','Solis',22,'Loma Bonita','Cosío','Guerrero',33568,'2373847745858','mturvey2@mediafire.com','fotografia.jpg',40,9);
INSERT INTO agente_telefonico(curp,id_piso,id_edificio,id_curso,nombre,apellido_pat,apellido_mat,fecha_nacimiento,calle,num_ext,colonia,municipio,estado,cp,telefono,correo,fotografia,salario_x_hora,evaluacion) VALUES ('KLPT720821FMOTRE93',3,15,22,'Tatiana Enza','Kleingrub','Postlethwaite','19720821','Tomas gonzalez padron',98,'Hondiga','Jesús María','Jalisco',55144,'79013050692','fkrysztowczyk3@godaddy.com','fotografia.png',40,0);
INSERT INTO agente_telefonico(curp,id_piso,id_edificio,id_curso,nombre,apellido_pat,apellido_mat,fecha_nacimiento,calle,num_ext,colonia,municipio,estado,cp,telefono,correo,fotografia,salario_x_hora,evaluacion) VALUES ('BRSE770114MCDBIT28',3,6,20,'Eliana Maria del Carmen','Braizier','Sandeford','19770114','Tilos',160,'Mado Sector II','Pabellón de Arteaga','Tamaulipas',09323,'462464105494','lepgrave4@washingtonpost.com','fotografia.jpg',40,9);
INSERT INTO agente_telefonico(curp,id_piso,id_edificio,id_curso,nombre,apellido_pat,apellido_mat,fecha_nacimiento,calle,num_ext,colonia,municipio,estado,cp,telefono,correo,fotografia,salario_x_hora,evaluacion) VALUES ('DUGN901207FTLGRE48',6,20,10,'Naiara Ailyn','Duff','Gillis','19901207','Estio, del',167,'Miguel Hidalgo (Corralitos)','Rincón de Romos','Zacatecas',31858,'623116768517','gbottjer5@go.com','fotografia.png',40,7);
INSERT INTO agente_telefonico(curp,id_piso,id_edificio,id_curso,nombre,apellido_pat,apellido_mat,fecha_nacimiento,calle,num_ext,colonia,municipio,estado,cp,telefono,correo,fotografia,salario_x_hora,evaluacion) VALUES ('TSGA900819MMOFLO26',1,18,31,'Angel Gabriel Lázaro','Tsarovic','Gerrietz','19900819','Oceano pacifico',39,'Américas','San José de Gracia','Sinaloa',14094,'553795295715','nphippin6@hexun.com','fotografia.jpg',40,9);
INSERT INTO agente_telefonico(curp,id_piso,id_edificio,id_curso,nombre,apellido_pat,apellido_mat,fecha_nacimiento,calle,num_ext,colonia,municipio,estado,cp,telefono,correo,fotografia,salario_x_hora,evaluacion) VALUES ('WACD930626FESZAT22',2,17,26,'Daniela Analuz','Wardale','Caudle','19930626','5  ( barrio sarandi)',151,'Unidad Victoria','Tepezalá','Sonora',31762,'531739327271','afahy7@prweb.com','fotografia.jpg',40,10);
INSERT INTO agente_telefonico(curp,id_piso,id_edificio,id_curso,nombre,apellido_pat,apellido_mat,fecha_nacimiento,calle,num_ext,colonia,municipio,estado,cp,telefono,correo,fotografia,salario_x_hora,evaluacion) VALUES ('FIGZ950916MESMAT63',6,20,10,'Zhamyr Mizael','Filippello','Gauch','19950916','18 de mayo',1,'La Vega','Palo Alto','Puebla',89067,'862717871149','bmclarnon8@ustream.tv','fotografia.jpg',40,2);
INSERT INTO agente_telefonico(curp,id_piso,id_edificio,id_curso,nombre,apellido_pat,apellido_mat,fecha_nacimiento,calle,num_ext,colonia,municipio,estado,cp,telefono,correo,fotografia,salario_x_hora,evaluacion) VALUES ('HAGB891207FPUZOO51',4,20,32,'Britani Fiorella Agostina','Harrigan','Gonnet','19891207','Castro de argencio, blanca',137,'Villas de la Hacienda 1a. Sección','San Francisco de los Romo','Baja California Sur',19218,'461791429400','praisher9@theglobeandmail.com','fotografia.png',40,9);
INSERT INTO agente_telefonico(curp,id_piso,id_edificio,id_curso,nombre,apellido_pat,apellido_mat,fecha_nacimiento,calle,num_ext,colonia,municipio,estado,cp,telefono,correo,fotografia,salario_x_hora,evaluacion) VALUES ('CRFE871002MPUFIX28',9,5,11,'Emily Abril','Cramond','Flintoffe','19871002','Ditrano, roque.',7,'Villas Fontana','Ensenada','Nuevo Leon',44841,'3559654276786','cabotsona@mail.ru','fotografia.png',40,10);
INSERT INTO agente_telefonico(curp,id_piso,id_edificio,id_curso,nombre,apellido_pat,apellido_mat,fecha_nacimiento,calle,num_ext,colonia,municipio,estado,cp,telefono,correo,fotografia,salario_x_hora,evaluacion) VALUES ('CLPF720605MCDMAT39',6,20,10,'Flor Yesenia','Clemitt','Pinkard','19720605','Tacuari',152,'Las Trojes','Mexicali','Ciudad de México',12659,'862388854316','adurdenb@bing.com','fotografia.jpg',40,3);
INSERT INTO agente_telefonico(curp,id_piso,id_edificio,id_curso,nombre,apellido_pat,apellido_mat,fecha_nacimiento,calle,num_ext,colonia,municipio,estado,cp,telefono,correo,fotografia,salario_x_hora,evaluacion) VALUES ('TUAF890526MCDKON59',1,7,2,'Francisco João','Tullot','Antuoni','19890526','Isla del tigre',45,'Los Ángeles','Tecate','Jalisco',22145,'867212427669','ralvinc@howstuffworks.com','fotografia.jpg',40,10);
INSERT INTO agente_telefonico(curp,id_piso,id_edificio,id_curso,nombre,apellido_pat,apellido_mat,fecha_nacimiento,calle,num_ext,colonia,municipio,estado,cp,telefono,correo,fotografia,salario_x_hora,evaluacion) VALUES ('FLBM930312FPUSUB37',3,5,5,'Mia Lucía Abigail','Flobert','Bolger','19930312','Del exodo',16,'Misiones de Santa Esperanza','Tijuana','Zacatecas',32504,'77709270522','bnormantond@listmanage.com','fotografia.png',40,9);
INSERT INTO agente_telefonico(curp,id_piso,id_edificio,id_curso,nombre,apellido_pat,apellido_mat,fecha_nacimiento,calle,num_ext,colonia,municipio,estado,cp,telefono,correo,fotografia,salario_x_hora,evaluacion) VALUES ('MIAI790914FESBIG69',3,15,22,'Imanol Andres','Mincher','Agg','19790914','Pinos , los',81,'La Pena','Playas de Rosarito','Sinaloa',59409,'819716283075','mdelaceye@usnews.com','fotografia.jpg',40,0);
INSERT INTO agente_telefonico(curp,id_piso,id_edificio,id_curso,nombre,apellido_pat,apellido_mat,fecha_nacimiento,calle,num_ext,colonia,municipio,estado,cp,telefono,correo,fotografia,salario_x_hora,evaluacion) VALUES ('CALO980820FTLZAA55',9,2,14,'Olivia Uma','Callister','Lawtey','19980820','7 (san fernando)',152,'Unión','Ciudad Constitución','Campeche',59307,'3553881469001','askentelberyf@ucla.edu','fotografia.jpg',40,6);
INSERT INTO agente_telefonico(curp,id_piso,id_edificio,id_curso,nombre,apellido_pat,apellido_mat,fecha_nacimiento,calle,num_ext,colonia,municipio,estado,cp,telefono,correo,fotografia,salario_x_hora,evaluacion) VALUES ('HAHE950220MPUVER48',9,10,27,'Eluney Celestina','Hayhoe','Hrachovec','19950220','Joaquin torres',177,'Valle de Santiago Residencial','Santa Rosalía','Campeche',17027,'12058130963','lyarhamg@hp.com','fotografia.png',40,9);
INSERT INTO agente_telefonico(curp,id_piso,id_edificio,id_curso,nombre,apellido_pat,apellido_mat,fecha_nacimiento,calle,num_ext,colonia,municipio,estado,cp,telefono,correo,fotografia,salario_x_hora,evaluacion) VALUES ('BABJ790723MMONAM48',1,15,33,'Juan Cruz Lautaro','Baskeyfied','Benjamin','19790723','Al paso escobar, camino',82,'Tixmadeje','La Paz','Guerrero',02687,'552484939562','rpassmanh@go.com','fotografia.png',40,2);
INSERT INTO agente_telefonico(curp,id_piso,id_edificio,id_curso,nombre,apellido_pat,apellido_mat,fecha_nacimiento,calle,num_ext,colonia,municipio,estado,cp,telefono,correo,fotografia,salario_x_hora,evaluacion) VALUES ('TAWB870127MESKAN72',9,5,11,'Bruno Estefano','Tame','Wrenn','19870127','Roman freire',136,'San Juan Apóstol','San José del Cabo','Zacatecas',31462,'9772782029869','wmcgillivriei@time.com','fotografia.jpg',40,10);
INSERT INTO agente_telefonico(curp,id_piso,id_edificio,id_curso,nombre,apellido_pat,apellido_mat,fecha_nacimiento,calle,num_ext,colonia,municipio,estado,cp,telefono,correo,fotografia,salario_x_hora,evaluacion) VALUES ('CHSE720830FCDYEF76',2,17,26,'Emir Dianel Mauro','Chatres','SurmanWells','19720830','Granja la palma',191,'Del Panteón','Loreto','Sinaloa',92441,'6914514828084','vellistonj@cargocollective.com','fotografia.png',40,8);
INSERT INTO agente_telefonico(curp,id_piso,id_edificio,id_curso,nombre,apellido_pat,apellido_mat,fecha_nacimiento,calle,num_ext,colonia,municipio,estado,cp,telefono,correo,fotografia,salario_x_hora,evaluacion) VALUES ('CUHS890216MCDRON73',9,10,27,'Salvador Lucio','Cudd','Hysom','19890216','Ute  1',86,'Galaxia Toluca','Calkiní','Guerrero',87291,'77838287951','wmcauleyk@github.com','fotografia.png',40,9);
INSERT INTO agente_telefonico(curp,id_piso,id_edificio,id_curso,nombre,apellido_pat,apellido_mat,fecha_nacimiento,calle,num_ext,colonia,municipio,estado,cp,telefono,correo,fotografia,salario_x_hora,evaluacion) VALUES ('CLSI910521MTLHOM77',2,2,34,'Isabela Itati','Cloutt','Strasse','19910521','Congreso',112,'Las Flores','San Francisco de Campeche','Aguascalientes',88200,'511744758461','ssutcliffel@odnoklassniki.ru','fotografia.jpg',40,9);
INSERT INTO agente_telefonico(curp,id_piso,id_edificio,id_curso,nombre,apellido_pat,apellido_mat,fecha_nacimiento,calle,num_ext,colonia,municipio,estado,cp,telefono,correo,fotografia,salario_x_hora,evaluacion) VALUES ('STDA87012MPUFIX280',1,2,24,'Amaia Mailen','Stanman','Dreakin','19870102','Trescientos cincuenta y ocho',30,'Lomas de San Mateo','Ciudad del Carmen','Sonora',75381,'2187364773596','dtomischm@uiuc.edu','fotografia.jpg',40,10);
INSERT INTO agente_telefonico(curp,id_piso,id_edificio,id_curso,nombre,apellido_pat,apellido_mat,fecha_nacimiento,calle,num_ext,colonia,municipio,estado,cp,telefono,correo,fotografia,salario_x_hora,evaluacion) VALUES ('HUWN700730FTLSON84',4,20,4,'Neila Abigail','Hulcoop','Wilford','19700730','Marconi',124,'La Estancia Sector II','Champotón','Aguascalientes',71865,'861708877638','souldredn@arstechnica.com','fotografia.jpg',40,9);
INSERT INTO agente_telefonico(curp,id_piso,id_edificio,id_curso,nombre,apellido_pat,apellido_mat,fecha_nacimiento,calle,num_ext,colonia,municipio,estado,cp,telefono,correo,fotografia,salario_x_hora,evaluacion) VALUES ('HABB740511FCDDUO79',1,7,2,'Beatriz','Hasley','Bailey','19740511','Dr hernan artucio',196,'Rinconadas del Pilar','Hecelchakán','Campeche',70651,'864319088397','bbaggianio@nature.com','fotografia.jpg',40,3);
INSERT INTO agente_telefonico(curp,id_piso,id_edificio,id_curso,nombre,apellido_pat,apellido_mat,fecha_nacimiento,calle,num_ext,colonia,municipio,estado,cp,telefono,correo,fotografia,salario_x_hora,evaluacion) VALUES ('CAAA941020FPULOT51',1,18,31,'Aquiles Faustino','Caddick','Aberhart','19941020','Ute  2',134,'Eva Sámano de López Mateos','Hopelchén','Morelos',83656,'638101006494','tmccolganp@typepad.com','fotografia.jpg',40,9);
INSERT INTO agente_telefonico(curp,id_piso,id_edificio,id_curso,nombre,apellido_pat,apellido_mat,fecha_nacimiento,calle,num_ext,colonia,municipio,estado,cp,telefono,correo,fotografia,salario_x_hora,evaluacion) VALUES ('ANOE740731MTLKON52',9,10,27,'Edith Nayeli','Antoney','Oliveira','19740731','Ferrara, pascual',33,'Tlachaloya','Palizada','Campeche',00021,'626509220194','cmearnsq@globo.com','fotografia.png',40,7);
INSERT INTO agente_telefonico(curp,id_piso,id_edificio,id_curso,nombre,apellido_pat,apellido_mat,fecha_nacimiento,calle,num_ext,colonia,municipio,estado,cp,telefono,correo,fotografia,salario_x_hora,evaluacion) VALUES ('NABA941021FCDHOM58',3,6,20,'Alaia Britani','Nacey','Birnie','19941021','Hernandez agustin',160,'De Palmillas','Tenabo','Chiapas',09068,'861701799671','dgoutr@yahoo.com','fotografia.jpg',40,10);
INSERT INTO agente_telefonico(curp,id_piso,id_edificio,id_curso,nombre,apellido_pat,apellido_mat,fecha_nacimiento,calle,num_ext,colonia,municipio,estado,cp,telefono,correo,fotografia,salario_x_hora,evaluacion) VALUES ('PECM900329FPUMAT65',3,10,23,'Manuel Valentín','Pegg','Cathel','19900329','Pasaje b',152,'La Retama','Escárcega','Sonora',15216,'867087648505','mgreensteds@xinhuanet.com','fotografia.jpg',40,5);
INSERT INTO agente_telefonico(curp,id_piso,id_edificio,id_curso,nombre,apellido_pat,apellido_mat,fecha_nacimiento,calle,num_ext,colonia,municipio,estado,cp,telefono,correo,fotografia,salario_x_hora,evaluacion) VALUES ('MCKS720109FTLZAM44',1,7,2,'Silvia Araceli Elizabeth','McMains','Kerans','19720109','Portal del sol',114,'Guadalupe San Buenaventura','Xpujil','Zacatecas',40847,'484175075579','cburnhardt@opensource.org','fotografia.png',40,7);
INSERT INTO agente_telefonico(curp,id_piso,id_edificio,id_curso,nombre,apellido_pat,apellido_mat,fecha_nacimiento,calle,num_ext,colonia,municipio,estado,cp,telefono,correo,fotografia,salario_x_hora,evaluacion) VALUES ('MASS010724MCDPRO55',3,13,19,'Samanta Bendelia','Markie','Sackur','20010724','Uruguay, continuacion',47,'Loma Bonita','Candelaria','Coahuila de Zaragoza',90315,'622775031961','vlambardu@theatlantic.com','fotografia.jpg',40,10);
INSERT INTO agente_telefonico(curp,id_piso,id_edificio,id_curso,nombre,apellido_pat,apellido_mat,fecha_nacimiento,calle,num_ext,colonia,municipio,estado,cp,telefono,correo,fotografia,salario_x_hora,evaluacion) VALUES ('BEBN870316MMOVOY43',3,5,3,'Nelo Jose','Bellon','Bunson','19870316','19',57,'Francisco Murguía El Ranchito','Abasolo','Campeche',48203,'623254190641','lsmithersv@bbb.org','fotografia.jpg',40,10);
INSERT INTO agente_telefonico(curp,id_piso,id_edificio,id_curso,nombre,apellido_pat,apellido_mat,fecha_nacimiento,calle,num_ext,colonia,municipio,estado,cp,telefono,correo,fotografia,salario_x_hora,evaluacion) VALUES ('MIGN880906FPUDUO41',3,13,19,'Noha Daniel','Mival','Geldart','19880906','LogroÑo',120,'Francisco Murguía El Ranchito','Ciudad Acuña','Oaxaca',80353,'929279184524','bbaylisw@princeton.edu','fotografia.jpg',40,10);
INSERT INTO agente_telefonico(curp,id_piso,id_edificio,id_curso,nombre,apellido_pat,apellido_mat,fecha_nacimiento,calle,num_ext,colonia,municipio,estado,cp,telefono,correo,fotografia,salario_x_hora,evaluacion) VALUES ('DUCO960409MCDMAT55',9,10,27,'Ornella Maria Elena','Duckwith','Canedo','19960409','Canelon (nace cmno.los aromos)',75,'Presa el Molino','Allende','Hidalgo',13830,'621973358059','lliddyardx@ning.com','fotografia.jpg',40,10);
INSERT INTO agente_telefonico(curp,id_piso,id_edificio,id_curso,nombre,apellido_pat,apellido_mat,fecha_nacimiento,calle,num_ext,colonia,municipio,estado,cp,telefono,correo,fotografia,salario_x_hora,evaluacion) VALUES ('MAPA890901FPUTRE13',6,20,10,'Azul Aytana','MacKeogh','Pallister','19890901','Morgan',120,'San Francisquito','Arteaga','Baja California',69593,'626954081483','amoncreify@cpanel.net','fotografia.png',40,10);
INSERT INTO agente_telefonico(curp,id_piso,id_edificio,id_curso,nombre,apellido_pat,apellido_mat,fecha_nacimiento,calle,num_ext,colonia,municipio,estado,cp,telefono,correo,fotografia,salario_x_hora,evaluacion) VALUES ('PHHA820721MCDOTC18',4,20,1,'Alma Ariana','Phillipps','Harling','19820721','Vecinal paralela a alferez',100,'Paseo Tollocan INFONAVIT','Candela','Tamaulipas',82255,'311147823877','ealywinz@wikispaces.com','fotografia.jpg',40,1);
INSERT INTO agente_telefonico(curp,id_piso,id_edificio,id_curso,nombre,apellido_pat,apellido_mat,fecha_nacimiento,calle,num_ext,colonia,municipio,estado,cp,telefono,correo,fotografia,salario_x_hora,evaluacion) VALUES ('PEST900104FPUKON58',3,7,17,'Triana Franchesca','Penn','Sheavills','19900104','Nassasi, j.',156,'Rinconada de la Mora','Castaños','Colima',02183,'334504971203','kpattinson10@microsoft.com','fotografia.png',40,9);
INSERT INTO agente_telefonico(curp,id_piso,id_edificio,id_curso,nombre,apellido_pat,apellido_mat,fecha_nacimiento,calle,num_ext,colonia,municipio,estado,cp,telefono,correo,fotografia,salario_x_hora,evaluacion) VALUES ('CAGA920731MMONAM71',3,5,5,'Alejandro Gael','Casarino','Garett','19920731','Soriano, continuacion',44,'Los Pinos','Cuatro Ciénegas de Carranza','Queretaro',55541,'625653450655','wpeckett11@sciencedaily.com','fotografia.png',40,9);
INSERT INTO agente_telefonico(curp,id_piso,id_edificio,id_curso,nombre,apellido_pat,apellido_mat,fecha_nacimiento,calle,num_ext,colonia,municipio,estado,cp,telefono,correo,fotografia,salario_x_hora,evaluacion) VALUES ('SPVO980923FPUOPE55',1,9,7,'Onur Aron','Spender','Van den Broek','19980923','San isidro',22,'Vértice','Escobedo','Sinaloa',41733,'9944644751959','ccorkell12@usatoday.com','fotografia.jpg',40,8);
INSERT INTO agente_telefonico(curp,id_piso,id_edificio,id_curso,nombre,apellido_pat,apellido_mat,fecha_nacimiento,calle,num_ext,colonia,municipio,estado,cp,telefono,correo,fotografia,salario_x_hora,evaluacion) VALUES ('TUMD960128FPUZAM72',3,13,6,'Dilan Nehuen','Tunstall','McNish','19960128','Los dorados',50,'Colón','Francisco I. Madero (Chávez)','Quintana Roo',00340,'865722930586','dwillcock13@vkontakte.ru','fotografia.png',40,0);
INSERT INTO agente_telefonico(curp,id_piso,id_edificio,id_curso,nombre,apellido_pat,apellido_mat,fecha_nacimiento,calle,num_ext,colonia,municipio,estado,cp,telefono,correo,fotografia,salario_x_hora,evaluacion) VALUES ('AMMD950525FPUHOL56',2,2,34,'Diego Gael','Ambrogelli','Mabbutt','19950525','Doctor enrique azarola',199,'El Calvario','Frontera','Baja California Sur',23738,'866957282239','mbrooks14@oracle.com','fotografia.png',40,9);
INSERT INTO agente_telefonico(curp,id_piso,id_edificio,id_curso,nombre,apellido_pat,apellido_mat,fecha_nacimiento,calle,num_ext,colonia,municipio,estado,cp,telefono,correo,fotografia,salario_x_hora,evaluacion) VALUES ('PETA820515FCDSUB59',3,13,6,'Axel Fabricio','Pellitt','Tench','19820515','Cipreses, los',51,'Bosques de San Mateo','General Cepeda','México',57836,'2354501589223','kkinge15@spiegel.de','fotografia.png',40,10);
INSERT INTO agente_telefonico(curp,id_piso,id_edificio,id_curso,nombre,apellido_pat,apellido_mat,fecha_nacimiento,calle,num_ext,colonia,municipio,estado,cp,telefono,correo,fotografia,salario_x_hora,evaluacion) VALUES ('CRLE011030MMOSOL51',3,15,22,'Eric Yamil','Crush','Leather','20011030','2 diag. oeste (galeon)',78,'Descandeje','Guerrero','Campeche',20495,'573647375834','ebediss16@zimbio.com','fotografia.jpg',40,4);
INSERT INTO agente_telefonico(curp,id_piso,id_edificio,id_curso,nombre,apellido_pat,apellido_mat,fecha_nacimiento,calle,num_ext,colonia,municipio,estado,cp,telefono,correo,fotografia,salario_x_hora,evaluacion) VALUES ('MAMA721030FPUBYT28',3,10,28,'Agustin Alfredo Emmanuel','Maes','Minette','19721030','Ute  1',70,'San Pablo Autopan','Hidalgo','Aguascalientes',31674,'661369313049','arichens17@fastcompany.com','fotografia.jpg',40,10);
INSERT INTO agente_telefonico(curp,id_piso,id_edificio,id_curso,nombre,apellido_pat,apellido_mat,fecha_nacimiento,calle,num_ext,colonia,municipio,estado,cp,telefono,correo,fotografia,salario_x_hora,evaluacion) VALUES ('KUCE000303MMOSUB42',9,10,27,'Edgar Feliciano','Kuhn','Caccavari','20000303','Villa sara',36,'Terminal','Jiménez','Quintana Roo',92656,'613537529420','zforgie18@house.gov','fotografia.png',40,10);
INSERT INTO agente_telefonico(curp,id_piso,id_edificio,id_curso,nombre,apellido_pat,apellido_mat,fecha_nacimiento,calle,num_ext,colonia,municipio,estado,cp,telefono,correo,fotografia,salario_x_hora,evaluacion) VALUES ('PIHT970907MESAER72',4,20,8,'Thiago Bayron','Pittson','Hofler','19970907','Norberto ortiz',153,'Campo Real','Juárez','Nuevo Leon',98108,'866463105995','gjuszczak19@sfgate.com','fotografia.jpg',40,6);
INSERT INTO agente_telefonico(curp,id_piso,id_edificio,id_curso,nombre,apellido_pat,apellido_mat,fecha_nacimiento,calle,num_ext,colonia,municipio,estado,cp,telefono,correo,fotografia,salario_x_hora,evaluacion) VALUES ('FASR891105FESOVE98',4,20,32,'Roque Thiago Lionel','Fackney','Sherville','19891105','Hernandez, jose',69,'Salvador Sánchez Colín','Lamadrid','Baja California',82815,'4203445429242','nsiflet1a@thetimes.co.uk','fotografia.jpg',40,9);
INSERT INTO agente_telefonico(curp,id_piso,id_edificio,id_curso,nombre,apellido_pat,apellido_mat,fecha_nacimiento,calle,num_ext,colonia,municipio,estado,cp,telefono,correo,fotografia,salario_x_hora,evaluacion) VALUES ('HOYE880906FCDVOY97',2,2,34,'Eros Denis','Hopfer','Yarrington','19880906','2',158,'La Cañada','Matamoros','Hidalgo',58938,'483878663729','gokey1b@4shared.com','fotografia.png',40,9);
INSERT INTO agente_telefonico(curp,id_piso,id_edificio,id_curso,nombre,apellido_pat,apellido_mat,fecha_nacimiento,calle,num_ext,colonia,municipio,estado,cp,telefono,correo,fotografia,salario_x_hora,evaluacion) VALUES ('FEBJ700126FMODAL18',6,20,10,'Jorge Ireneo','Ferney','Blissitt','19700126','Pasaje barros arana',195,'Celanese','Monclova','Chiapas',37759,'869038374230','atinto1c@networkadvertising.org','fotografia.jpg',40,10);
INSERT INTO agente_telefonico(curp,id_piso,id_edificio,id_curso,nombre,apellido_pat,apellido_mat,fecha_nacimiento,calle,num_ext,colonia,municipio,estado,cp,telefono,correo,fotografia,salario_x_hora,evaluacion) VALUES ('VIKT881118FCDAND89',6,5,35,'Tiziana Ana','Vidgen','Kares','19881118','Av dr horacio abadie santos',37,'La Trinidad','Morelos','Durango',17162,'511345602062','dkochlin1d@washington.edu','fotografia.png',40,1);
INSERT INTO agente_telefonico(curp,id_piso,id_edificio,id_curso,nombre,apellido_pat,apellido_mat,fecha_nacimiento,calle,num_ext,colonia,municipio,estado,cp,telefono,correo,fotografia,salario_x_hora,evaluacion) VALUES ('MOCL010324MESREG95',8,1,30,'Linda Martina','Mounfield','Conaghy','20010324','MonseÑor jacinto vera',156,'La Estancia Sector II','Ciudad Melchor Múzquiz','Durango',53259,'556595746282','dikin1e@dell.com','fotografia.png',40,9);
INSERT INTO agente_telefonico(curp,id_piso,id_edificio,id_curso,nombre,apellido_pat,apellido_mat,fecha_nacimiento,calle,num_ext,colonia,municipio,estado,cp,telefono,correo,fotografia,salario_x_hora,evaluacion) VALUES ('HUWN801111MMOTRE24',9,17,29,'Nehemias Moises','Hummerston','Woof','19801111','Abayuba',179,'La Camelia','Nadadores','Nayarit',33799,'333204035933','hstquenin1f@reference.com','fotografia.jpg',40,10);
INSERT INTO agente_telefonico(curp,id_piso,id_edificio,id_curso,nombre,apellido_pat,apellido_mat,fecha_nacimiento,calle,num_ext,colonia,municipio,estado,cp,telefono,correo,fotografia,salario_x_hora,evaluacion) VALUES ('SLBG950709MTLVOL22',2,17,15,'Gianella Guadalupe','Slocombe','Brangan','19950709','Suderoy',39,'Del Parque','Nava','Oaxaca',39249,'3894294907901','mhowman1g@is.gd','fotografia.png',40,3);
INSERT INTO agente_telefonico(curp,id_piso,id_edificio,id_curso,nombre,apellido_pat,apellido_mat,fecha_nacimiento,calle,num_ext,colonia,municipio,estado,cp,telefono,correo,fotografia,salario_x_hora,evaluacion) VALUES ('CACL850911MCDASO12',9,5,11,'Liz Ivana','Callacher','Chitham','19850911','magÑone, dr.',73,'Mado Sector II','Ocampo','Tlaxcala',56523,'71089286392','vmcfaul1h@utexas.edu','fotografia.png',40,9);
INSERT INTO agente_telefonico(curp,id_piso,id_edificio,id_curso,nombre,apellido_pat,apellido_mat,fecha_nacimiento,calle,num_ext,colonia,municipio,estado,cp,telefono,correo,fotografia,salario_x_hora,evaluacion) VALUES ('COWL930520MTLAND69',6,5,18,'Lupe Elena','Couttes','Wilshaw','19930520','Arq ernesto leborgne',120,'Toluca (Lic. Adolfo López Mateos)','Parras de la Fuente','Guanajuato',58043,'627983983954','eglasspool1i@wix.com','fotografia.jpg',40,1);
INSERT INTO agente_telefonico(curp,id_piso,id_edificio,id_curso,nombre,apellido_pat,apellido_mat,fecha_nacimiento,calle,num_ext,colonia,municipio,estado,cp,telefono,correo,fotografia,salario_x_hora,evaluacion) VALUES ('NALV720522MPULOT45',3,5,3,'Valentino Aron Roy','Narbett','Lindeman','19720522','Araucana',14,'Del Espíritu Santo','Piedras Negras','Colima',40007,'333255200656','rskipp1j@delicious.com','fotografia.png',40,10);
INSERT INTO agente_telefonico(curp,id_piso,id_edificio,id_curso,nombre,apellido_pat,apellido_mat,fecha_nacimiento,calle,num_ext,colonia,municipio,estado,cp,telefono,correo,fotografia,salario_x_hora,evaluacion) VALUES ('EDBA940613FESCOO46',3,5,5,'Aylén Jesica','Edison','Boniface','19940613','Colon',37,'San Miguel Apinahuizco','Progreso','Durango',83696,'9763568706411','mgaraghan1k@mit.edu','fotografia.jpg',40,10);
INSERT INTO agente_telefonico(curp,id_piso,id_edificio,id_curso,nombre,apellido_pat,apellido_mat,fecha_nacimiento,calle,num_ext,colonia,municipio,estado,cp,telefono,correo,fotografia,salario_x_hora,evaluacion) VALUES ('MUPH921020FTLAND25',3,13,6,'Hilario Juan','Mufford','Picheford','19921020','17 mts. (1a. paral.j.p.varela)',16,'Candeje','Ramos Arizpe','Morelos',90551,'661081869716','hschusterl1l@homestead.com','fotografia.jpg',40,10);
INSERT INTO agente_telefonico(curp,id_piso,id_edificio,id_curso,nombre,apellido_pat,apellido_mat,fecha_nacimiento,calle,num_ext,colonia,municipio,estado,cp,telefono,correo,fotografia,salario_x_hora,evaluacion) VALUES ('WILE940520MCDDAL42',6,5,18,'Evangelina Katerina','Wickliffe','Loalday','19940520','Senda de paso',34,'La Magdalena','Sabinas','Quintana Roo',46596,'551652300895','echeng1m@house.gov','fotografia.jpg',40,10);
INSERT INTO agente_telefonico(curp,id_piso,id_edificio,id_curso,nombre,apellido_pat,apellido_mat,fecha_nacimiento,calle,num_ext,colonia,municipio,estado,cp,telefono,correo,fotografia,salario_x_hora,evaluacion) VALUES ('JEMH770202FPUVOY94',3,7,17,'Hanna Victoria Agustina','Jendricke','Mogg','19770202','Juan zorrilla de san martin',128,'El Cerrito','Sacramento','Oaxaca',32993,'622796970406','cmacgaughy1n@utexas.edu','fotografia.jpg',40,10);
INSERT INTO agente_telefonico(curp,id_piso,id_edificio,id_curso,nombre,apellido_pat,apellido_mat,fecha_nacimiento,calle,num_ext,colonia,municipio,estado,cp,telefono,correo,fotografia,salario_x_hora,evaluacion) VALUES ('BOSL850628FMOZAA62',1,2,24,'Lucio Maximo','Bowdidge','Scrimgeour','19850628','18 de mayo (v. universitaria)',46,'Arroyo Zarco','Saltillo','Hidalgo',81045,'3802501735214','elohan1o@ihg.com','fotografia.jpg',40,10);
INSERT INTO agente_telefonico(curp,id_piso,id_edificio,id_curso,nombre,apellido_pat,apellido_mat,fecha_nacimiento,calle,num_ext,colonia,municipio,estado,cp,telefono,correo,fotografia,salario_x_hora,evaluacion) VALUES ('BEGR810723MTLKON28',9,2,14,'Renata Solange','Beany','Gorbell','19810723','Rio negro',28,'Los Sauces II','San Buenaventura','Chiapas',54193,'865647923249','fglayzer1p@sakura.ne.jp','fotografia.png',40,9);
INSERT INTO agente_telefonico(curp,id_piso,id_edificio,id_curso,nombre,apellido_pat,apellido_mat,fecha_nacimiento,calle,num_ext,colonia,municipio,estado,cp,telefono,correo,fotografia,salario_x_hora,evaluacion) VALUES ('PIPL040306FMOHOM27',2,17,15,'Lisandro Facundo','Pitcaithley','Pordall','20040306','80',170,'Santa Juanita','Nueva Rosita','Tamaulipas',04827,'631263334789','dglanister1q@globo.com','fotografia.png',40,9);
INSERT INTO agente_telefonico(curp,id_piso,id_edificio,id_curso,nombre,apellido_pat,apellido_mat,fecha_nacimiento,calle,num_ext,colonia,municipio,estado,cp,telefono,correo,fotografia,salario_x_hora,evaluacion) VALUES ('HAMA991020MTLCAR59',3,13,6,'Alma Dianela','Harteley','McKirdy','19991020','Arralde, diagonal',67,'Loma Alta Ejido Bañe ( Bañe Barrio Conasupo )','San Pedro','Nuevo Leon',51316,'12466327636','rcumber1r@trellian.com','fotografia.png',40,4);
INSERT INTO agente_telefonico(curp,id_piso,id_edificio,id_curso,nombre,apellido_pat,apellido_mat,fecha_nacimiento,calle,num_ext,colonia,municipio,estado,cp,telefono,correo,fotografia,salario_x_hora,evaluacion) VALUES ('GIMJ760122MMOSUB25',2,17,26,'Juana Tais','Gilder','Millier','19760122','Gutierrez ruiz, hector',154,'El Rosario','Sierra Mojada','Quintana Roo',57056,'921717329164','lmcorkil1s@shinystat.com','fotografia.png',40,4);
INSERT INTO agente_telefonico(curp,id_piso,id_edificio,id_curso,nombre,apellido_pat,apellido_mat,fecha_nacimiento,calle,num_ext,colonia,municipio,estado,cp,telefono,correo,fotografia,salario_x_hora,evaluacion) VALUES ('MCWE921113MMOALP37',6,20,10,'Ever Mathias','McWhorter','Wiffen','19921113','11 (san francisco)',127,'El Tejocote','Torreón','Quintana Roo',34865,'545724102146','jmcreynold1t@archive.org','fotografia.jpg',40,9);
INSERT INTO agente_telefonico(curp,id_piso,id_edificio,id_curso,nombre,apellido_pat,apellido_mat,fecha_nacimiento,calle,num_ext,colonia,municipio,estado,cp,telefono,correo,fotografia,salario_x_hora,evaluacion) VALUES ('HAMM010928MPUFLE56',1,9,7,'Malina Nirvana','Harrop','Mapplebeck','20010928','De compostela, santiago',87,'Las Torres','Viesca','Hidalgo',24290,'638246137081','jbrissard1u@google.com.au','fotografia.jpg',40,9);
INSERT INTO agente_telefonico(curp,id_piso,id_edificio,id_curso,nombre,apellido_pat,apellido_mat,fecha_nacimiento,calle,num_ext,colonia,municipio,estado,cp,telefono,correo,fotografia,salario_x_hora,evaluacion) VALUES ('GROY910106MMOSTR33',1,18,31,'Yehico Uriel','Grishanin','Ouldcott','19910106','Rio de janeiro',109,'Cerrillo Piedras Blancas','Villa Unión','Chiapas',42979,'551817575626','tpears1v@canalblog.com','fotografia.png',40,9);
INSERT INTO agente_telefonico(curp,id_piso,id_edificio,id_curso,nombre,apellido_pat,apellido_mat,fecha_nacimiento,calle,num_ext,colonia,municipio,estado,cp,telefono,correo,fotografia,salario_x_hora,evaluacion) VALUES ('YOGJ860511MMOKON73',1,9,7,'Janaina Geraldina Diana','Youle','Gilyott','19860511','8 de octubre',189,'Vértice','Zaragoza','Tabasco',71048,'863831825267','sthresh1w@woothemes.com','fotografia.png',40,2);
INSERT INTO agente_telefonico(curp,id_piso,id_edificio,id_curso,nombre,apellido_pat,apellido_mat,fecha_nacimiento,calle,num_ext,colonia,municipio,estado,cp,telefono,correo,fotografia,salario_x_hora,evaluacion) VALUES ('ABNJ811012FPUZON23',3,15,9,'Jorge Mathie','Abbe','Noweak','19810112','Oficial 10',121,'Zona Militar','Ciudad de Armería','Oaxaca',78633,'3553139266433','dhaddeston1x@weibo.com','fotografia.jpg',40,9);
INSERT INTO agente_telefonico(curp,id_piso,id_edificio,id_curso,nombre,apellido_pat,apellido_mat,fecha_nacimiento,calle,num_ext,colonia,municipio,estado,cp,telefono,correo,fotografia,salario_x_hora,evaluacion) VALUES ('NAKU800106FCDTRE25',4,20,16,'Uma Laia Jazmin','Naisbet','Kinleyside','19800106','4',191,'La Palma','Colima','Tamaulipas',39186,'621138639811','hbarbrick1y@mapy.cz','fotografia.png',40,3);
INSERT INTO agente_telefonico(curp,id_piso,id_edificio,id_curso,nombre,apellido_pat,apellido_mat,fecha_nacimiento,calle,num_ext,colonia,municipio,estado,cp,telefono,correo,fotografia,salario_x_hora,evaluacion) VALUES ('HART933030MPUOPE17',4,20,4,'Tomás Gaspar','Haxley','Romeo','19930330','Gallinal',127,'Zimbrones','Comala','Jalisco',20236,'9673769625529','kfairleigh1z@seesaa.net','fotografia.jpg',40,9);
INSERT INTO agente_telefonico(curp,id_piso,id_edificio,id_curso,nombre,apellido_pat,apellido_mat,fecha_nacimiento,calle,num_ext,colonia,municipio,estado,cp,telefono,correo,fotografia,salario_x_hora,evaluacion) VALUES ('LIZU980510FPUBAM62',3,15,9,'Ulises Thiago Valentin','Lidstone','Zemler','19980510','Martin fierro',44,'De Jesús 3a. Sección','Coquimatlán','Campeche',75489,'274716648777','hgrinsdale20@patch.com','fotografia.png',40,8);
INSERT INTO agente_telefonico(curp,id_piso,id_edificio,id_curso,nombre,apellido_pat,apellido_mat,fecha_nacimiento,calle,num_ext,colonia,municipio,estado,cp,telefono,correo,fotografia,salario_x_hora,evaluacion) VALUES ('RAFM910516MCDFLE86',3,6,20,'Malena Natividad','Rambadt','Furmston','19910516','Gadea de ciapessoni, francisca',131,'La Floresta','Cuauhtémoc','Ciudad de México',82674,'18127358121','srubertis21@un.org','fotografia.png',40,9);
INSERT INTO agente_telefonico(curp,id_piso,id_edificio,id_curso,nombre,apellido_pat,apellido_mat,fecha_nacimiento,calle,num_ext,colonia,municipio,estado,cp,telefono,correo,fotografia,salario_x_hora,evaluacion) VALUES ('COTL760808FESMAT53',6,5,18,'Laureano Tiziano','Cotterill','Tomovic','19760808','Vedia',83,'Valle Don Camilo','Ixtlahuacán','Colima',29281,'862209246721','cbonson22@buzzfeed.com','fotografia.png',40,9);
INSERT INTO agente_telefonico(curp,id_piso,id_edificio,id_curso,nombre,apellido_pat,apellido_mat,fecha_nacimiento,calle,num_ext,colonia,municipio,estado,cp,telefono,correo,fotografia,salario_x_hora,evaluacion) VALUES ('MURL900926FPUBIG92',3,7,17,'Lucia Nahiara Ailén','Mullender','Rallin','19900926','4',160,'San Pedro de los Metates','Manzanillo','Tabasco',53551,'73901092628','emcgeagh23@etsy.com','fotografia.jpg',40,2);
INSERT INTO agente_telefonico(curp,id_piso,id_edificio,id_curso,nombre,apellido_pat,apellido_mat,fecha_nacimiento,calle,num_ext,colonia,municipio,estado,cp,telefono,correo,fotografia,salario_x_hora,evaluacion) VALUES ('TRCE000806MMOTRI94',6,5,35,'Emma Ariana','Trower','Cords','20000806','Frank spori',91,'Pedregal','Minatitlán','Aguascalientes',87005,'2372965335163','bguerola24@51.la','fotografia.jpg',40,10);
INSERT INTO agente_telefonico(curp,id_piso,id_edificio,id_curso,nombre,apellido_pat,apellido_mat,fecha_nacimiento,calle,num_ext,colonia,municipio,estado,cp,telefono,correo,fotografia,salario_x_hora,evaluacion) VALUES ('DEVA880823FTLCOO33',9,5,11,'Ailin Nareli','Desson','Vasler','19880823','Artigas, gral.',123,'Universidad','Tecomán','Nayarit',02369,'3593921650582','pduligal25@youtube.com','fotografia.jpg',40,10);
INSERT INTO agente_telefonico(curp,id_piso,id_edificio,id_curso,nombre,apellido_pat,apellido_mat,fecha_nacimiento,calle,num_ext,colonia,municipio,estado,cp,telefono,correo,fotografia,salario_x_hora,evaluacion) VALUES ('FITA920612FESPAN76',9,5,11,'Alihuen Uriel','Fiddiman','Todari','19920612','Jose a ribot',148,'El Tejocote','Ciudad de Villa de Álvarez','Tlaxcala',01744,'9765798185267','aanyene26@istockphoto.com','fotografia.png',40,9);
INSERT INTO agente_telefonico(curp,id_piso,id_edificio,id_curso,nombre,apellido_pat,apellido_mat,fecha_nacimiento,calle,num_ext,colonia,municipio,estado,cp,telefono,correo,fotografia,salario_x_hora,evaluacion) VALUES ('LEJV820818MESVOL87',9,5,11,'Verena De Los Angeles','Lebell','Joesbury','19820818','Artigas, gral.',107,'Las Barraanquitas','Acacoyagua','Michoacán',24005,'79701795997','amcclunaghan27@booking.com','fotografia.jpg',40,10);
INSERT INTO agente_telefonico(curp,id_piso,id_edificio,id_curso,nombre,apellido_pat,apellido_mat,fecha_nacimiento,calle,num_ext,colonia,municipio,estado,cp,telefono,correo,fotografia,salario_x_hora,evaluacion) VALUES ('ASPA800818MPUTEM85',3,7,17,'Aurora Georgina','Asson','Padden','19800818','Perlas, de las',186,'Los Sabinos','Acala','Tamaulipas',95715,'3519389660847','wstoppe28@nymag.com','fotografia.png',40,5);
INSERT INTO agente_telefonico(curp,id_piso,id_edificio,id_curso,nombre,apellido_pat,apellido_mat,fecha_nacimiento,calle,num_ext,colonia,municipio,estado,cp,telefono,correo,fotografia,salario_x_hora,evaluacion) VALUES ('CRGJ810729FCDZON54',3,15,9,'Jazmín Vanesa','Cracoe','Gamett','19810729','Pasaje b',198,'Tecaxic','Acapetahua','Nuevo Leon',12187,'335347074596','bjime29@craigslist.org','fotografia.png',40,10);
INSERT INTO agente_telefonico(curp,id_piso,id_edificio,id_curso,nombre,apellido_pat,apellido_mat,fecha_nacimiento,calle,num_ext,colonia,municipio,estado,cp,telefono,correo,fotografia,salario_x_hora,evaluacion) VALUES ('BEFV770726MCDZOO51',1,9,7,'Violeta Martina','Beckhurst','Foyster','19770726','Dr victor armand ugon',144,'El Frontón','Altamirano','Nayarit',93884,'553329068472','lhailes2a@smugmug.com','fotografia.png',40,10);
INSERT INTO agente_telefonico(curp,id_piso,id_edificio,id_curso,nombre,apellido_pat,apellido_mat,fecha_nacimiento,calle,num_ext,colonia,municipio,estado,cp,telefono,correo,fotografia,salario_x_hora,evaluacion) VALUES ('ROTB890420FCDTEM17',1,15,33,'Bastian Dylan Ramiro','Rockcliff','Tollady','19890420','14 de julio',137,'Los Sauces','Amatán','Queretaro',37598,'622555248647','olyptratt2b@sakura.ne.jp','fotografia.png',40,9);
INSERT INTO agente_telefonico(curp,id_piso,id_edificio,id_curso,nombre,apellido_pat,apellido_mat,fecha_nacimiento,calle,num_ext,colonia,municipio,estado,cp,telefono,correo,fotografia,salario_x_hora,evaluacion) VALUES ('MCPJ950724MCDFIN26',2,17,15,'Jorge Andres','McCrainor','Paolini','19950724','Jose villagrand',153,'El Azafrán (Santa Rosa el Azafrán)','Amatenango de la Frontera','Hidalgo',51472,'2613663861615','hgover2c@vinaora.com','fotografia.png',40,10);
INSERT INTO agente_telefonico(curp,id_piso,id_edificio,id_curso,nombre,apellido_pat,apellido_mat,fecha_nacimiento,calle,num_ext,colonia,municipio,estado,cp,telefono,correo,fotografia,salario_x_hora,evaluacion) VALUES ('AUCC990828MMOTRA74',6,20,12,'Cristian Gael Cruz','Aujean','Colmore','19990828','Nano perez',4,'Los Pocitos','Amatenango del Valle','Zacatecas',74033,'557391946344','dbutterick2d@boston.com','fotografia.jpg',40,10);
INSERT INTO agente_telefonico(curp,id_piso,id_edificio,id_curso,nombre,apellido_pat,apellido_mat,fecha_nacimiento,calle,num_ext,colonia,municipio,estado,cp,telefono,correo,fotografia,salario_x_hora,evaluacion) VALUES ('BECE900315FPUFIN13',3,5,3,'Esteban Yair','Bearblock','Cucuzza','19900315','Independencia (v. del carmen)',31,'La Merced  (Alameda)','Jaltenango de la Paz (Angel Albino Corzo)','Chihuahua',25659,'869679138713','sdunlap2e@biblegateway.com','fotografia.png',40,10);
INSERT INTO agente_telefonico(curp,id_piso,id_edificio,id_curso,nombre,apellido_pat,apellido_mat,fecha_nacimiento,calle,num_ext,colonia,municipio,estado,cp,telefono,correo,fotografia,salario_x_hora,evaluacion) VALUES ('DUBY920310FESCOO56',4,20,1,'Yain Taiel','Duggary','Beal','19920310','Oribe, manuel',90,'Doxteje Barrio Primero','Arriaga','Nayarit',85589,'866652824139','nsyrie2f@answers.com','fotografia.jpg',40,10);
INSERT INTO agente_telefonico(curp,id_piso,id_edificio,id_curso,nombre,apellido_pat,apellido_mat,fecha_nacimiento,calle,num_ext,colonia,municipio,estado,cp,telefono,correo,fotografia,salario_x_hora,evaluacion) VALUES ('RODK880817MTLITO97',6,5,18,'Katia Mailén','Roon','D''Acth','19880817','49',16,'Santa Rosa','Bejucal de Ocampo','Quintana Roo',08607,'73207648739','sdelaci2g@phpbb.com','fotografia.png',40,10);
INSERT INTO agente_telefonico(curp,id_piso,id_edificio,id_curso,nombre,apellido_pat,apellido_mat,fecha_nacimiento,calle,num_ext,colonia,municipio,estado,cp,telefono,correo,fotografia,salario_x_hora,evaluacion) VALUES ('STCE960313MCDREG55',1,7,2,'Emelina Martina','Statersfield','Conant','19960313','28',156,'Zimbrones','Bella Vista','Veracruz de Ignacio de la Llave',99159,'637998677549','rplumptre2h@exblog.jp','fotografia.jpg',40,10);
INSERT INTO agente_telefonico(curp,id_piso,id_edificio,id_curso,nombre,apellido_pat,apellido_mat,fecha_nacimiento,calle,num_ext,colonia,municipio,estado,cp,telefono,correo,fotografia,salario_x_hora,evaluacion) VALUES ('MAEM771225MCDSTI95',6,20,12,'Mirna Natalia','Maidment','Elloit','19771225','Martin rezk',13,'Barrio San Gabriel','Berriozábal','Michoacán',37342,'629295496381','fdog2i@msn.com','fotografia.png',40,10);
INSERT INTO agente_telefonico(curp,id_piso,id_edificio,id_curso,nombre,apellido_pat,apellido_mat,fecha_nacimiento,calle,num_ext,colonia,municipio,estado,cp,telefono,correo,fotografia,salario_x_hora,evaluacion) VALUES ('COLR980708FPUBAM54',4,20,16,'Rolando Lionel','Cossons','Le Marchant','19980708','De comercio iglesias',114,'Acuxtitla','Bochil','Sinaloa',60085,'863002355834','lpayler2j@sourceforge.net','fotografia.png',40,9);
INSERT INTO agente_telefonico(curp,id_piso,id_edificio,id_curso,nombre,apellido_pat,apellido_mat,fecha_nacimiento,calle,num_ext,colonia,municipio,estado,cp,telefono,correo,fotografia,salario_x_hora,evaluacion) VALUES ('KOCD810513FESVAG21',8,1,30,'Diana Denise','Kohring','Culverhouse','19810513','Pasaje b',36,'Bosques de Cantabria','El Bosque','Guerrero',27213,'4209686066007','ddives2k@gizmodo.com','fotografia.jpg',40,10);
INSERT INTO agente_telefonico(curp,id_piso,id_edificio,id_curso,nombre,apellido_pat,apellido_mat,fecha_nacimiento,calle,num_ext,colonia,municipio,estado,cp,telefono,correo,fotografia,salario_x_hora,evaluacion) VALUES ('MAHC023103FMOSON85',2,17,26,'Ciro Nicola','Matityahu','Hryskiewicz','20020313','De los santos, urano',163,'Arroyo Zarco','Cacahoatán','Chiapas',89359,'628724449336','gmctavish2l@google.cn','fotografia.jpg',40,9);
INSERT INTO agente_telefonico(curp,id_piso,id_edificio,id_curso,nombre,apellido_pat,apellido_mat,fecha_nacimiento,calle,num_ext,colonia,municipio,estado,cp,telefono,correo,fotografia,salario_x_hora,evaluacion) VALUES ('ENSG990306FESSTR65',4,20,25,'Gaia Victoria','Ennion','Skitterel','19990306','Chalar, santiago',159,'Loma de Enmedio','Catazajá','Yucatan',65989,'863471337090','tbernat2m@elpais.com','fotografia.png',40,8);
INSERT INTO agente_telefonico(curp,id_piso,id_edificio,id_curso,nombre,apellido_pat,apellido_mat,fecha_nacimiento,calle,num_ext,colonia,municipio,estado,cp,telefono,correo,fotografia,salario_x_hora,evaluacion) VALUES ('JADT800214MCDKON81',3,13,6,'Tiara Candelaria','Jays','Dungey','19800214','Bernabe rivera',82,'Villas Fontana II','Cintalapa de Figueroa','Morelos',41562,'861314639953','hyezafovich2n@phpbb.com','fotografia.jpg',40,10);
INSERT INTO agente_telefonico(curp,id_piso,id_edificio,id_curso,nombre,apellido_pat,apellido_mat,fecha_nacimiento,calle,num_ext,colonia,municipio,estado,cp,telefono,correo,fotografia,salario_x_hora,evaluacion) VALUES ('PECF810527FESDOM41',4,20,32,'Facundo Juan Cruz','Penny','Crickmoor','19810527','Zufriategui, pablo',44,'La Capilla','Coapilla','Guanajuato',34787,'558881727456','psweed2o@mediafire.com','fotografia.jpg',40,8);
INSERT INTO agente_telefonico(curp,id_piso,id_edificio,id_curso,nombre,apellido_pat,apellido_mat,fecha_nacimiento,calle,num_ext,colonia,municipio,estado,cp,telefono,correo,fotografia,salario_x_hora,evaluacion) VALUES ('DUZR730411FTLVOY45',3,15,22,'Roman Miguel Angel','Duro','Zapatero','19730411','25 de mayo',161,'Toluca (Lic. Adolfo López Mateos)','Comitán de Domínguez','Veracruz de Ignacio de la Llave',52911,'867235194485','amassenhove2p@gizmodo.com','fotografia.jpg',40,1);
INSERT INTO agente_telefonico(curp,id_piso,id_edificio,id_curso,nombre,apellido_pat,apellido_mat,fecha_nacimiento,calle,num_ext,colonia,municipio,estado,cp,telefono,correo,fotografia,salario_x_hora,evaluacion) VALUES ('FATT020703FESBIO58',1,2,24,'Tiago Ezequiel','Fardy','Tolliday','20020703','Ruta 82',148,'Rinconadas del Pilar','La Concordia','Jalisco',97398,'3518566666308','aorto2q@pagespersoorange.fr','fotografia.png',40,10);
INSERT INTO agente_telefonico(curp,id_piso,id_edificio,id_curso,nombre,apellido_pat,apellido_mat,fecha_nacimiento,calle,num_ext,colonia,municipio,estado,cp,telefono,correo,fotografia,salario_x_hora,evaluacion) VALUES ('COAE000424FPUILT96',4,20,25,'Emelyn Angela','Cordoba','Ashpole','20000424','Plaza vidiella',156,'Buenavista','Copainalá','Yucatan',93470,'528985744890','nbendixen2r@vimeo.com','fotografia.jpg',40,9);


INSERT INTO horario(id_horario,id_curso,dia,hora_inicio,hora_fin) VALUES (1,30,'Lunes','7:00','8:00');
INSERT INTO horario(id_horario,id_curso,dia,hora_inicio,hora_fin) VALUES (2,22,'Miercoles','8:00','9:00');
INSERT INTO horario(id_horario,id_curso,dia,hora_inicio,hora_fin) VALUES (3,23,'Sabado','9:00','10:00');
INSERT INTO horario(id_horario,id_curso,dia,hora_inicio,hora_fin) VALUES (4,8,'Martes','10:00','11:00');
INSERT INTO horario(id_horario,id_curso,dia,hora_inicio,hora_fin) VALUES (5,8,'Miercoles','11:00','12:00');
INSERT INTO horario(id_horario,id_curso,dia,hora_inicio,hora_fin) VALUES (6,27,'Miercoles','12:00','13:00');
INSERT INTO horario(id_horario,id_curso,dia,hora_inicio,hora_fin) VALUES (7,29,'Sabado','13:00','14:00');
INSERT INTO horario(id_horario,id_curso,dia,hora_inicio,hora_fin) VALUES (8,20,'Jueves','14:00','15:00');
INSERT INTO horario(id_horario,id_curso,dia,hora_inicio,hora_fin) VALUES (9,25,'Viernes','15:00','16:00');
INSERT INTO horario(id_horario,id_curso,dia,hora_inicio,hora_fin) VALUES (10,1,'Viernes','16:00','17:00');
INSERT INTO horario(id_horario,id_curso,dia,hora_inicio,hora_fin) VALUES (11,6,'Lunes','17:00','18:00');
INSERT INTO horario(id_horario,id_curso,dia,hora_inicio,hora_fin) VALUES (12,27,'Sabado','18:00','19:00');
INSERT INTO horario(id_horario,id_curso,dia,hora_inicio,hora_fin) VALUES (13,24,'Sabado','19:00','20:00');
INSERT INTO horario(id_horario,id_curso,dia,hora_inicio,hora_fin) VALUES (14,6,'Martes','20:00','21:00');
INSERT INTO horario(id_horario,id_curso,dia,hora_inicio,hora_fin) VALUES (15,26,'Martes','21:00','22:00');
INSERT INTO horario(id_horario,id_curso,dia,hora_inicio,hora_fin) VALUES (16,28,'Viernes','7:00','8:00');
INSERT INTO horario(id_horario,id_curso,dia,hora_inicio,hora_fin) VALUES (17,9,'Lunes','8:00','9:00');
INSERT INTO horario(id_horario,id_curso,dia,hora_inicio,hora_fin) VALUES (18,4,'Lunes','9:00','10:00');
INSERT INTO horario(id_horario,id_curso,dia,hora_inicio,hora_fin) VALUES (19,1,'Miercoles','10:00','11:00');
INSERT INTO horario(id_horario,id_curso,dia,hora_inicio,hora_fin) VALUES (20,24,'Sabado','11:00','12:00');
INSERT INTO horario(id_horario,id_curso,dia,hora_inicio,hora_fin) VALUES (21,25,'Miercoles','12:00','13:00');
INSERT INTO horario(id_horario,id_curso,dia,hora_inicio,hora_fin) VALUES (22,9,'Martes','13:00','14:00');
INSERT INTO horario(id_horario,id_curso,dia,hora_inicio,hora_fin) VALUES (23,15,'Lunes','14:00','15:00');
INSERT INTO horario(id_horario,id_curso,dia,hora_inicio,hora_fin) VALUES (24,23,'Lunes','15:00','16:00');
INSERT INTO horario(id_horario,id_curso,dia,hora_inicio,hora_fin) VALUES (25,18,'Sabado','16:00','17:00');
INSERT INTO horario(id_horario,id_curso,dia,hora_inicio,hora_fin) VALUES (26,10,'Viernes','17:00','18:00');
INSERT INTO horario(id_horario,id_curso,dia,hora_inicio,hora_fin) VALUES (27,11,'Viernes','18:00','19:00');
INSERT INTO horario(id_horario,id_curso,dia,hora_inicio,hora_fin) VALUES (28,12,'Martes','19:00','20:00');
INSERT INTO horario(id_horario,id_curso,dia,hora_inicio,hora_fin) VALUES (29,17,'Jueves','20:00','21:00');
INSERT INTO horario(id_horario,id_curso,dia,hora_inicio,hora_fin) VALUES (30,13,'Viernes','21:00','22:00');
INSERT INTO horario(id_horario,id_curso,dia,hora_inicio,hora_fin) VALUES (31,19,'Lunes','7:00','8:00');
INSERT INTO horario(id_horario,id_curso,dia,hora_inicio,hora_fin) VALUES (32,18,'Viernes','8:00','9:00');
INSERT INTO horario(id_horario,id_curso,dia,hora_inicio,hora_fin) VALUES (33,4,'Lunes','9:00','10:00');
INSERT INTO horario(id_horario,id_curso,dia,hora_inicio,hora_fin) VALUES (34,9,'Sabado','10:00','11:00');
INSERT INTO horario(id_horario,id_curso,dia,hora_inicio,hora_fin) VALUES (35,5,'Sabado','11:00','12:00');
INSERT INTO horario(id_horario,id_curso,dia,hora_inicio,hora_fin) VALUES (36,14,'Jueves','12:00','13:00');
INSERT INTO horario(id_horario,id_curso,dia,hora_inicio,hora_fin) VALUES (37,21,'Viernes','13:00','14:00');
INSERT INTO horario(id_horario,id_curso,dia,hora_inicio,hora_fin) VALUES (38,18,'Viernes','14:00','15:00');
INSERT INTO horario(id_horario,id_curso,dia,hora_inicio,hora_fin) VALUES (39,15,'Jueves','15:00','16:00');
INSERT INTO horario(id_horario,id_curso,dia,hora_inicio,hora_fin) VALUES (40,13,'Sabado','16:00','17:00');
INSERT INTO horario(id_horario,id_curso,dia,hora_inicio,hora_fin) VALUES (41,7,'Lunes','17:00','18:00');
INSERT INTO horario(id_horario,id_curso,dia,hora_inicio,hora_fin) VALUES (42,15,'Viernes','18:00','19:00');
INSERT INTO horario(id_horario,id_curso,dia,hora_inicio,hora_fin) VALUES (43,27,'Viernes','19:00','20:00');
INSERT INTO horario(id_horario,id_curso,dia,hora_inicio,hora_fin) VALUES (44,20,'Martes','20:00','21:00');
INSERT INTO horario(id_horario,id_curso,dia,hora_inicio,hora_fin) VALUES (45,15,'Jueves','21:00','22:00');
INSERT INTO horario(id_horario,id_curso,dia,hora_inicio,hora_fin) VALUES (46,12,'Martes','7:00','8:00');
INSERT INTO horario(id_horario,id_curso,dia,hora_inicio,hora_fin) VALUES (47,9,'Martes','8:00','9:00');
INSERT INTO horario(id_horario,id_curso,dia,hora_inicio,hora_fin) VALUES (48,15,'Miercoles','9:00','10:00');
INSERT INTO horario(id_horario,id_curso,dia,hora_inicio,hora_fin) VALUES (49,16,'Miercoles','10:00','11:00');
INSERT INTO horario(id_horario,id_curso,dia,hora_inicio,hora_fin) VALUES (50,24,'Lunes','11:00','12:00');


INSERT INTO sala_operaciones(id_sala_operaciones,id_piso,id_edificio,id_cliente,estado,fecha_inicio,fecha_fin) VALUES (1,8,13,null,0,null,null);
INSERT INTO sala_operaciones(id_sala_operaciones,id_piso,id_edificio,id_cliente,estado,fecha_inicio,fecha_fin) VALUES (2,8,19,'GOLA841307S1',1,'2021-07-09','2022-12-04');
INSERT INTO sala_operaciones(id_sala_operaciones,id_piso,id_edificio,id_cliente,estado,fecha_inicio,fecha_fin) VALUES (3,6,8,'PESM768258S4',1,'2022-01-23','2022-03-26');
INSERT INTO sala_operaciones(id_sala_operaciones,id_piso,id_edificio,id_cliente,estado,fecha_inicio,fecha_fin) VALUES (4,6,9,null,0,null,null);
INSERT INTO sala_operaciones(id_sala_operaciones,id_piso,id_edificio,id_cliente,estado,fecha_inicio,fecha_fin) VALUES (5,2,1,null,0,null,null);
INSERT INTO sala_operaciones(id_sala_operaciones,id_piso,id_edificio,id_cliente,estado,fecha_inicio,fecha_fin) VALUES (6,3,19,null,0,null,null);
INSERT INTO sala_operaciones(id_sala_operaciones,id_piso,id_edificio,id_cliente,estado,fecha_inicio,fecha_fin) VALUES (7,7,5,null,0,null,null);
INSERT INTO sala_operaciones(id_sala_operaciones,id_piso,id_edificio,id_cliente,estado,fecha_inicio,fecha_fin) VALUES (8,3,10,'SKFF767755A2',1,'2021-02-10','2021-02-21');
INSERT INTO sala_operaciones(id_sala_operaciones,id_piso,id_edificio,id_cliente,estado,fecha_inicio,fecha_fin) VALUES (9,8,8,'ALLM722567A4',1,'2021-06-26','2021-07-04');
INSERT INTO sala_operaciones(id_sala_operaciones,id_piso,id_edificio,id_cliente,estado,fecha_inicio,fecha_fin) VALUES (10,1,3,'SLDA156112S2',1,'2021-07-04','2021-08-11');
INSERT INTO sala_operaciones(id_sala_operaciones,id_piso,id_edificio,id_cliente,estado,fecha_inicio,fecha_fin) VALUES (11,1,16,'JAMG72567N10',1,'2021-02-02','2022-12-24');
INSERT INTO sala_operaciones(id_sala_operaciones,id_piso,id_edificio,id_cliente,estado,fecha_inicio,fecha_fin) VALUES (12,5,8,null,0,null,null);
INSERT INTO sala_operaciones(id_sala_operaciones,id_piso,id_edificio,id_cliente,estado,fecha_inicio,fecha_fin) VALUES (13,3,7,null,0,null,null);
INSERT INTO sala_operaciones(id_sala_operaciones,id_piso,id_edificio,id_cliente,estado,fecha_inicio,fecha_fin) VALUES (14,8,20,'WRFN871175E5',1,'2021-02-07','2021-03-18');
INSERT INTO sala_operaciones(id_sala_operaciones,id_piso,id_edificio,id_cliente,estado,fecha_inicio,fecha_fin) VALUES (15,9,3,'DUCD55376N80',1,'2021-05-10','2021-08-28');
INSERT INTO sala_operaciones(id_sala_operaciones,id_piso,id_edificio,id_cliente,estado,fecha_inicio,fecha_fin) VALUES (16,3,4,null,0,null,null);
INSERT INTO sala_operaciones(id_sala_operaciones,id_piso,id_edificio,id_cliente,estado,fecha_inicio,fecha_fin) VALUES (17,1,10,'GESZ1237229N6',1,'2021-02-26','2022-04-29');
INSERT INTO sala_operaciones(id_sala_operaciones,id_piso,id_edificio,id_cliente,estado,fecha_inicio,fecha_fin) VALUES (18,8,3,null,0,null,null);
INSERT INTO sala_operaciones(id_sala_operaciones,id_piso,id_edificio,id_cliente,estado,fecha_inicio,fecha_fin) VALUES (19,3,4,null,0,null,null);
INSERT INTO sala_operaciones(id_sala_operaciones,id_piso,id_edificio,id_cliente,estado,fecha_inicio,fecha_fin) VALUES (20,7,10,'BRJC1511289O4',1,'2022-02-15','2022-04-18');
INSERT INTO sala_operaciones(id_sala_operaciones,id_piso,id_edificio,id_cliente,estado,fecha_inicio,fecha_fin) VALUES (21,6,9,null,0,null,null);
INSERT INTO sala_operaciones(id_sala_operaciones,id_piso,id_edificio,id_cliente,estado,fecha_inicio,fecha_fin) VALUES (22,6,14,'BAGA215186O09',1,'2022-01-27','2022-02-03');
INSERT INTO sala_operaciones(id_sala_operaciones,id_piso,id_edificio,id_cliente,estado,fecha_inicio,fecha_fin) VALUES (23,2,16,'RUSB212183O3',1,'2022-01-03','2022-03-10');
INSERT INTO sala_operaciones(id_sala_operaciones,id_piso,id_edificio,id_cliente,estado,fecha_inicio,fecha_fin) VALUES (24,3,8,null,0,null,null);
INSERT INTO sala_operaciones(id_sala_operaciones,id_piso,id_edificio,id_cliente,estado,fecha_inicio,fecha_fin) VALUES (25,4,1,'CABN5312114N1',1,'2022-01-19','2022-07-10');
INSERT INTO sala_operaciones(id_sala_operaciones,id_piso,id_edificio,id_cliente,estado,fecha_inicio,fecha_fin) VALUES (26,7,7,'ERSG428861N5',1,'2022-06-16','2022-07-11');
INSERT INTO sala_operaciones(id_sala_operaciones,id_piso,id_edificio,id_cliente,estado,fecha_inicio,fecha_fin) VALUES (27,1,7,null,0,null,null);
INSERT INTO sala_operaciones(id_sala_operaciones,id_piso,id_edificio,id_cliente,estado,fecha_inicio,fecha_fin) VALUES (28,3,12,null,0,null,null);
INSERT INTO sala_operaciones(id_sala_operaciones,id_piso,id_edificio,id_cliente,estado,fecha_inicio,fecha_fin) VALUES (29,6,8,null,0,null,null);
INSERT INTO sala_operaciones(id_sala_operaciones,id_piso,id_edificio,id_cliente,estado,fecha_inicio,fecha_fin) VALUES (30,9,13,'PIDH979304A20',1,'2022-08-26','2022-09-05');
INSERT INTO sala_operaciones(id_sala_operaciones,id_piso,id_edificio,id_cliente,estado,fecha_inicio,fecha_fin) VALUES (31,5,7,null,0,null,null);
INSERT INTO sala_operaciones(id_sala_operaciones,id_piso,id_edificio,id_cliente,estado,fecha_inicio,fecha_fin) VALUES (32,6,2,null,0,null,null);
INSERT INTO sala_operaciones(id_sala_operaciones,id_piso,id_edificio,id_cliente,estado,fecha_inicio,fecha_fin) VALUES (33,9,6,null,0,null,null);
INSERT INTO sala_operaciones(id_sala_operaciones,id_piso,id_edificio,id_cliente,estado,fecha_inicio,fecha_fin) VALUES (34,2,13,'TUBC432251A1',1,'2022-02-20','2022-08-20');
INSERT INTO sala_operaciones(id_sala_operaciones,id_piso,id_edificio,id_cliente,estado,fecha_inicio,fecha_fin) VALUES (35,5,2,'TRCN434522O5',1,'2022-05-29','2022-06-08');
INSERT INTO sala_operaciones(id_sala_operaciones,id_piso,id_edificio,id_cliente,estado,fecha_inicio,fecha_fin) VALUES (36,3,17,'UPDB856195N7',1,'2022-02-08','2022-03-05');
INSERT INTO sala_operaciones(id_sala_operaciones,id_piso,id_edificio,id_cliente,estado,fecha_inicio,fecha_fin) VALUES (37,8,15,null,0,null,null);
INSERT INTO sala_operaciones(id_sala_operaciones,id_piso,id_edificio,id_cliente,estado,fecha_inicio,fecha_fin) VALUES (38,4,5,'RIJH971115O8',1,'2022-02-11','2022-04-20');
INSERT INTO sala_operaciones(id_sala_operaciones,id_piso,id_edificio,id_cliente,estado,fecha_inicio,fecha_fin) VALUES (39,10,3,'KEPR5410203E1',1,'2022-12-11','2022-12-13');
INSERT INTO sala_operaciones(id_sala_operaciones,id_piso,id_edificio,id_cliente,estado,fecha_inicio,fecha_fin) VALUES (40,8,10,'LIJR5010142N4',1,'2022-01-03','2022-02-12');


INSERT INTO estacion_entrenamiento(id_estacion,id_sala_entrenamiento,id_piso,id_edificio,so) VALUES (1,48,3,4,'Windows');
INSERT INTO estacion_entrenamiento(id_estacion,id_sala_entrenamiento,id_piso,id_edificio,so) VALUES (2,53,6,11,'Windows');
INSERT INTO estacion_entrenamiento(id_estacion,id_sala_entrenamiento,id_piso,id_edificio,so) VALUES (3,27,6,14,'Linux');
INSERT INTO estacion_entrenamiento(id_estacion,id_sala_entrenamiento,id_piso,id_edificio,so) VALUES (4,29,9,17,'Linux');
INSERT INTO estacion_entrenamiento(id_estacion,id_sala_entrenamiento,id_piso,id_edificio,so) VALUES (5,76,5,17,'Windows');
INSERT INTO estacion_entrenamiento(id_estacion,id_sala_entrenamiento,id_piso,id_edificio,so) VALUES (6,48,3,4,'Linux');
INSERT INTO estacion_entrenamiento(id_estacion,id_sala_entrenamiento,id_piso,id_edificio,so) VALUES (7,51,6,20,'Linux');
INSERT INTO estacion_entrenamiento(id_estacion,id_sala_entrenamiento,id_piso,id_edificio,so) VALUES (8,62,6,14,'Linux');
INSERT INTO estacion_entrenamiento(id_estacion,id_sala_entrenamiento,id_piso,id_edificio,so) VALUES (9,58,7,12,'Linux');
INSERT INTO estacion_entrenamiento(id_estacion,id_sala_entrenamiento,id_piso,id_edificio,so) VALUES (10,17,9,18,'Linux');
INSERT INTO estacion_entrenamiento(id_estacion,id_sala_entrenamiento,id_piso,id_edificio,so) VALUES (11,24,6,2,'Linux');
INSERT INTO estacion_entrenamiento(id_estacion,id_sala_entrenamiento,id_piso,id_edificio,so) VALUES (12,116,2,14,'Windows');
INSERT INTO estacion_entrenamiento(id_estacion,id_sala_entrenamiento,id_piso,id_edificio,so) VALUES (13,43,7,4,'Linux');
INSERT INTO estacion_entrenamiento(id_estacion,id_sala_entrenamiento,id_piso,id_edificio,so) VALUES (14,100,1,6,'Windows');
INSERT INTO estacion_entrenamiento(id_estacion,id_sala_entrenamiento,id_piso,id_edificio,so) VALUES (15,7,10,8,'Linux');
INSERT INTO estacion_entrenamiento(id_estacion,id_sala_entrenamiento,id_piso,id_edificio,so) VALUES (16,137,5,20,'Linux');
INSERT INTO estacion_entrenamiento(id_estacion,id_sala_entrenamiento,id_piso,id_edificio,so) VALUES (17,94,7,9,'Windows');
INSERT INTO estacion_entrenamiento(id_estacion,id_sala_entrenamiento,id_piso,id_edificio,so) VALUES (18,127,2,17,'Windows');
INSERT INTO estacion_entrenamiento(id_estacion,id_sala_entrenamiento,id_piso,id_edificio,so) VALUES (19,122,1,18,'Linux');
INSERT INTO estacion_entrenamiento(id_estacion,id_sala_entrenamiento,id_piso,id_edificio,so) VALUES (20,118,3,19,'Windows');
INSERT INTO estacion_entrenamiento(id_estacion,id_sala_entrenamiento,id_piso,id_edificio,so) VALUES (21,109,6,2,'Windows');
INSERT INTO estacion_entrenamiento(id_estacion,id_sala_entrenamiento,id_piso,id_edificio,so) VALUES (22,46,3,17,'Windows');
INSERT INTO estacion_entrenamiento(id_estacion,id_sala_entrenamiento,id_piso,id_edificio,so) VALUES (23,84,7,13,'Windows');
INSERT INTO estacion_entrenamiento(id_estacion,id_sala_entrenamiento,id_piso,id_edificio,so) VALUES (24,87,2,6,'Linux');
INSERT INTO estacion_entrenamiento(id_estacion,id_sala_entrenamiento,id_piso,id_edificio,so) VALUES (25,89,4,9,'Windows');
INSERT INTO estacion_entrenamiento(id_estacion,id_sala_entrenamiento,id_piso,id_edificio,so) VALUES (26,134,3,8,'Windows');
INSERT INTO estacion_entrenamiento(id_estacion,id_sala_entrenamiento,id_piso,id_edificio,so) VALUES (27,104,4,20,'Windows');
INSERT INTO estacion_entrenamiento(id_estacion,id_sala_entrenamiento,id_piso,id_edificio,so) VALUES (28,110,6,9,'Linux');
INSERT INTO estacion_entrenamiento(id_estacion,id_sala_entrenamiento,id_piso,id_edificio,so) VALUES (29,70,6,1,'Linux');
INSERT INTO estacion_entrenamiento(id_estacion,id_sala_entrenamiento,id_piso,id_edificio,so) VALUES (30,121,5,16,'Windows');
INSERT INTO estacion_entrenamiento(id_estacion,id_sala_entrenamiento,id_piso,id_edificio,so) VALUES (31,48,3,4,'Windows');
INSERT INTO estacion_entrenamiento(id_estacion,id_sala_entrenamiento,id_piso,id_edificio,so) VALUES (32,4,7,18,'Linux');
INSERT INTO estacion_entrenamiento(id_estacion,id_sala_entrenamiento,id_piso,id_edificio,so) VALUES (33,97,3,1,'Windows');
INSERT INTO estacion_entrenamiento(id_estacion,id_sala_entrenamiento,id_piso,id_edificio,so) VALUES (34,123,1,3,'Windows');
INSERT INTO estacion_entrenamiento(id_estacion,id_sala_entrenamiento,id_piso,id_edificio,so) VALUES (35,75,4,18,'Linux');
INSERT INTO estacion_entrenamiento(id_estacion,id_sala_entrenamiento,id_piso,id_edificio,so) VALUES (36,63,10,5,'Windows');
INSERT INTO estacion_entrenamiento(id_estacion,id_sala_entrenamiento,id_piso,id_edificio,so) VALUES (37,111,6,19,'Linux');
INSERT INTO estacion_entrenamiento(id_estacion,id_sala_entrenamiento,id_piso,id_edificio,so) VALUES (38,113,1,19,'Windows');
INSERT INTO estacion_entrenamiento(id_estacion,id_sala_entrenamiento,id_piso,id_edificio,so) VALUES (39,11,6,5,'Windows');
INSERT INTO estacion_entrenamiento(id_estacion,id_sala_entrenamiento,id_piso,id_edificio,so) VALUES (40,115,8,10,'Windows');
INSERT INTO estacion_entrenamiento(id_estacion,id_sala_entrenamiento,id_piso,id_edificio,so) VALUES (41,23,6,8,'Linux');
INSERT INTO estacion_entrenamiento(id_estacion,id_sala_entrenamiento,id_piso,id_edificio,so) VALUES (42,118,3,19,'Windows');
INSERT INTO estacion_entrenamiento(id_estacion,id_sala_entrenamiento,id_piso,id_edificio,so) VALUES (43,131,5,6,'Windows');
INSERT INTO estacion_entrenamiento(id_estacion,id_sala_entrenamiento,id_piso,id_edificio,so) VALUES (44,89,4,9,'Linux');
INSERT INTO estacion_entrenamiento(id_estacion,id_sala_entrenamiento,id_piso,id_edificio,so) VALUES (45,138,6,15,'Windows');
INSERT INTO estacion_entrenamiento(id_estacion,id_sala_entrenamiento,id_piso,id_edificio,so) VALUES (46,80,2,7,'Linux');
INSERT INTO estacion_entrenamiento(id_estacion,id_sala_entrenamiento,id_piso,id_edificio,so) VALUES (47,105,3,9,'Linux');
INSERT INTO estacion_entrenamiento(id_estacion,id_sala_entrenamiento,id_piso,id_edificio,so) VALUES (48,76,5,17,'Linux');
INSERT INTO estacion_entrenamiento(id_estacion,id_sala_entrenamiento,id_piso,id_edificio,so) VALUES (49,44,2,17,'Windows');
INSERT INTO estacion_entrenamiento(id_estacion,id_sala_entrenamiento,id_piso,id_edificio,so) VALUES (50,90,2,2,'Linux');
INSERT INTO estacion_entrenamiento(id_estacion,id_sala_entrenamiento,id_piso,id_edificio,so) VALUES (51,50,1,15,'Windows');
INSERT INTO estacion_entrenamiento(id_estacion,id_sala_entrenamiento,id_piso,id_edificio,so) VALUES (52,64,4,15,'Linux');
INSERT INTO estacion_entrenamiento(id_estacion,id_sala_entrenamiento,id_piso,id_edificio,so) VALUES (53,102,6,17,'Windows');
INSERT INTO estacion_entrenamiento(id_estacion,id_sala_entrenamiento,id_piso,id_edificio,so) VALUES (54,5,5,3,'Windows');
INSERT INTO estacion_entrenamiento(id_estacion,id_sala_entrenamiento,id_piso,id_edificio,so) VALUES (55,41,7,14,'Windows');
INSERT INTO estacion_entrenamiento(id_estacion,id_sala_entrenamiento,id_piso,id_edificio,so) VALUES (56,84,7,13,'Windows');
INSERT INTO estacion_entrenamiento(id_estacion,id_sala_entrenamiento,id_piso,id_edificio,so) VALUES (57,21,8,19,'Linux');
INSERT INTO estacion_entrenamiento(id_estacion,id_sala_entrenamiento,id_piso,id_edificio,so) VALUES (58,78,9,5,'Windows');
INSERT INTO estacion_entrenamiento(id_estacion,id_sala_entrenamiento,id_piso,id_edificio,so) VALUES (59,83,2,15,'Windows');
INSERT INTO estacion_entrenamiento(id_estacion,id_sala_entrenamiento,id_piso,id_edificio,so) VALUES (60,31,2,8,'Windows');
INSERT INTO estacion_entrenamiento(id_estacion,id_sala_entrenamiento,id_piso,id_edificio,so) VALUES (61,83,2,15,'Linux');
INSERT INTO estacion_entrenamiento(id_estacion,id_sala_entrenamiento,id_piso,id_edificio,so) VALUES (62,55,8,10,'Windows');
INSERT INTO estacion_entrenamiento(id_estacion,id_sala_entrenamiento,id_piso,id_edificio,so) VALUES (63,59,1,11,'Windows');
INSERT INTO estacion_entrenamiento(id_estacion,id_sala_entrenamiento,id_piso,id_edificio,so) VALUES (64,23,6,8,'Linux');
INSERT INTO estacion_entrenamiento(id_estacion,id_sala_entrenamiento,id_piso,id_edificio,so) VALUES (65,26,7,1,'Windows');
INSERT INTO estacion_entrenamiento(id_estacion,id_sala_entrenamiento,id_piso,id_edificio,so) VALUES (66,130,2,18,'Windows');
INSERT INTO estacion_entrenamiento(id_estacion,id_sala_entrenamiento,id_piso,id_edificio,so) VALUES (67,92,1,8,'Linux');
INSERT INTO estacion_entrenamiento(id_estacion,id_sala_entrenamiento,id_piso,id_edificio,so) VALUES (68,17,9,18,'Linux');
INSERT INTO estacion_entrenamiento(id_estacion,id_sala_entrenamiento,id_piso,id_edificio,so) VALUES (69,129,2,20,'Windows');
INSERT INTO estacion_entrenamiento(id_estacion,id_sala_entrenamiento,id_piso,id_edificio,so) VALUES (70,108,9,9,'Linux');
INSERT INTO estacion_entrenamiento(id_estacion,id_sala_entrenamiento,id_piso,id_edificio,so) VALUES (71,86,10,9,'Linux');
INSERT INTO estacion_entrenamiento(id_estacion,id_sala_entrenamiento,id_piso,id_edificio,so) VALUES (72,38,8,13,'Windows');
INSERT INTO estacion_entrenamiento(id_estacion,id_sala_entrenamiento,id_piso,id_edificio,so) VALUES (73,3,4,9,'Windows');
INSERT INTO estacion_entrenamiento(id_estacion,id_sala_entrenamiento,id_piso,id_edificio,so) VALUES (74,48,3,4,'Windows');
INSERT INTO estacion_entrenamiento(id_estacion,id_sala_entrenamiento,id_piso,id_edificio,so) VALUES (75,86,10,9,'Linux');
INSERT INTO estacion_entrenamiento(id_estacion,id_sala_entrenamiento,id_piso,id_edificio,so) VALUES (76,17,9,18,'Linux');
INSERT INTO estacion_entrenamiento(id_estacion,id_sala_entrenamiento,id_piso,id_edificio,so) VALUES (77,79,2,7,'Windows');
INSERT INTO estacion_entrenamiento(id_estacion,id_sala_entrenamiento,id_piso,id_edificio,so) VALUES (78,47,10,9,'Windows');
INSERT INTO estacion_entrenamiento(id_estacion,id_sala_entrenamiento,id_piso,id_edificio,so) VALUES (79,92,1,8,'Windows');
INSERT INTO estacion_entrenamiento(id_estacion,id_sala_entrenamiento,id_piso,id_edificio,so) VALUES (80,100,1,6,'Windows');
INSERT INTO estacion_entrenamiento(id_estacion,id_sala_entrenamiento,id_piso,id_edificio,so) VALUES (81,130,2,18,'Windows');
INSERT INTO estacion_entrenamiento(id_estacion,id_sala_entrenamiento,id_piso,id_edificio,so) VALUES (82,5,5,3,'Windows');
INSERT INTO estacion_entrenamiento(id_estacion,id_sala_entrenamiento,id_piso,id_edificio,so) VALUES (83,9,6,13,'Windows');
INSERT INTO estacion_entrenamiento(id_estacion,id_sala_entrenamiento,id_piso,id_edificio,so) VALUES (84,37,5,20,'Linux');
INSERT INTO estacion_entrenamiento(id_estacion,id_sala_entrenamiento,id_piso,id_edificio,so) VALUES (85,87,2,6,'Windows');
INSERT INTO estacion_entrenamiento(id_estacion,id_sala_entrenamiento,id_piso,id_edificio,so) VALUES (86,97,3,1,'Linux');
INSERT INTO estacion_entrenamiento(id_estacion,id_sala_entrenamiento,id_piso,id_edificio,so) VALUES (87,94,7,9,'Windows');
INSERT INTO estacion_entrenamiento(id_estacion,id_sala_entrenamiento,id_piso,id_edificio,so) VALUES (88,134,3,8,'Windows');
INSERT INTO estacion_entrenamiento(id_estacion,id_sala_entrenamiento,id_piso,id_edificio,so) VALUES (89,94,7,9,'Linux');
INSERT INTO estacion_entrenamiento(id_estacion,id_sala_entrenamiento,id_piso,id_edificio,so) VALUES (90,82,5,2,'Windows');
INSERT INTO estacion_entrenamiento(id_estacion,id_sala_entrenamiento,id_piso,id_edificio,so) VALUES (91,31,2,8,'Linux');
INSERT INTO estacion_entrenamiento(id_estacion,id_sala_entrenamiento,id_piso,id_edificio,so) VALUES (92,134,3,8,'Linux');
INSERT INTO estacion_entrenamiento(id_estacion,id_sala_entrenamiento,id_piso,id_edificio,so) VALUES (93,76,5,17,'Windows');
INSERT INTO estacion_entrenamiento(id_estacion,id_sala_entrenamiento,id_piso,id_edificio,so) VALUES (94,74,8,16,'Windows');
INSERT INTO estacion_entrenamiento(id_estacion,id_sala_entrenamiento,id_piso,id_edificio,so) VALUES (95,126,1,7,'Windows');
INSERT INTO estacion_entrenamiento(id_estacion,id_sala_entrenamiento,id_piso,id_edificio,so) VALUES (96,4,7,18,'Linux');
INSERT INTO estacion_entrenamiento(id_estacion,id_sala_entrenamiento,id_piso,id_edificio,so) VALUES (97,22,7,3,'Linux');
INSERT INTO estacion_entrenamiento(id_estacion,id_sala_entrenamiento,id_piso,id_edificio,so) VALUES (98,93,6,18,'Windows');
INSERT INTO estacion_entrenamiento(id_estacion,id_sala_entrenamiento,id_piso,id_edificio,so) VALUES (99,60,1,2,'Windows');
INSERT INTO estacion_entrenamiento(id_estacion,id_sala_entrenamiento,id_piso,id_edificio,so) VALUES (100,134,3,8,'Linux');


INSERT INTO aditamento_entrenamiento(id_aditamento,id_estacion,nombre) VALUES (1,2,'Mouse');
INSERT INTO aditamento_entrenamiento(id_aditamento,id_estacion,nombre) VALUES (2,5,'Teclado');
INSERT INTO aditamento_entrenamiento(id_aditamento,id_estacion,nombre) VALUES (3,35,'Headset');
INSERT INTO aditamento_entrenamiento(id_aditamento,id_estacion,nombre) VALUES (4,62,'Headset');
INSERT INTO aditamento_entrenamiento(id_aditamento,id_estacion,nombre) VALUES (5,11,'Headset');
INSERT INTO aditamento_entrenamiento(id_aditamento,id_estacion,nombre) VALUES (6,80,'Teclado');
INSERT INTO aditamento_entrenamiento(id_aditamento,id_estacion,nombre) VALUES (7,5,'Headset');
INSERT INTO aditamento_entrenamiento(id_aditamento,id_estacion,nombre) VALUES (8,3,'Headset');
INSERT INTO aditamento_entrenamiento(id_aditamento,id_estacion,nombre) VALUES (9,50,'Mouse');
INSERT INTO aditamento_entrenamiento(id_aditamento,id_estacion,nombre) VALUES (10,81,'Teclado');
INSERT INTO aditamento_entrenamiento(id_aditamento,id_estacion,nombre) VALUES (11,54,'Mouse');
INSERT INTO aditamento_entrenamiento(id_aditamento,id_estacion,nombre) VALUES (12,58,'Mouse');
INSERT INTO aditamento_entrenamiento(id_aditamento,id_estacion,nombre) VALUES (13,46,'Teclado');
INSERT INTO aditamento_entrenamiento(id_aditamento,id_estacion,nombre) VALUES (14,4,'Headset');
INSERT INTO aditamento_entrenamiento(id_aditamento,id_estacion,nombre) VALUES (15,18,'Mouse');
INSERT INTO aditamento_entrenamiento(id_aditamento,id_estacion,nombre) VALUES (16,21,'Mouse');
INSERT INTO aditamento_entrenamiento(id_aditamento,id_estacion,nombre) VALUES (17,24,'Mouse');
INSERT INTO aditamento_entrenamiento(id_aditamento,id_estacion,nombre) VALUES (18,53,'Mouse');
INSERT INTO aditamento_entrenamiento(id_aditamento,id_estacion,nombre) VALUES (19,15,'Teclado');
INSERT INTO aditamento_entrenamiento(id_aditamento,id_estacion,nombre) VALUES (20,45,'Mouse');
INSERT INTO aditamento_entrenamiento(id_aditamento,id_estacion,nombre) VALUES (21,66,'Mouse');
INSERT INTO aditamento_entrenamiento(id_aditamento,id_estacion,nombre) VALUES (22,72,'Headset');
INSERT INTO aditamento_entrenamiento(id_aditamento,id_estacion,nombre) VALUES (23,50,'Teclado');
INSERT INTO aditamento_entrenamiento(id_aditamento,id_estacion,nombre) VALUES (24,79,'Teclado');
INSERT INTO aditamento_entrenamiento(id_aditamento,id_estacion,nombre) VALUES (25,87,'Mouse');
INSERT INTO aditamento_entrenamiento(id_aditamento,id_estacion,nombre) VALUES (26,57,'Headset');
INSERT INTO aditamento_entrenamiento(id_aditamento,id_estacion,nombre) VALUES (27,97,'Teclado');
INSERT INTO aditamento_entrenamiento(id_aditamento,id_estacion,nombre) VALUES (28,7,'Mouse');
INSERT INTO aditamento_entrenamiento(id_aditamento,id_estacion,nombre) VALUES (29,88,'Mouse');
INSERT INTO aditamento_entrenamiento(id_aditamento,id_estacion,nombre) VALUES (30,5,'Headset');
INSERT INTO aditamento_entrenamiento(id_aditamento,id_estacion,nombre) VALUES (31,71,'Teclado');
INSERT INTO aditamento_entrenamiento(id_aditamento,id_estacion,nombre) VALUES (32,80,'Mouse');
INSERT INTO aditamento_entrenamiento(id_aditamento,id_estacion,nombre) VALUES (33,87,'Mouse');
INSERT INTO aditamento_entrenamiento(id_aditamento,id_estacion,nombre) VALUES (34,99,'Mouse');
INSERT INTO aditamento_entrenamiento(id_aditamento,id_estacion,nombre) VALUES (35,15,'Mouse');
INSERT INTO aditamento_entrenamiento(id_aditamento,id_estacion,nombre) VALUES (36,76,'Headset');
INSERT INTO aditamento_entrenamiento(id_aditamento,id_estacion,nombre) VALUES (37,5,'Teclado');
INSERT INTO aditamento_entrenamiento(id_aditamento,id_estacion,nombre) VALUES (38,88,'Mouse');
INSERT INTO aditamento_entrenamiento(id_aditamento,id_estacion,nombre) VALUES (39,47,'Mouse');
INSERT INTO aditamento_entrenamiento(id_aditamento,id_estacion,nombre) VALUES (40,11,'Teclado');
INSERT INTO aditamento_entrenamiento(id_aditamento,id_estacion,nombre) VALUES (41,19,'Mouse');
INSERT INTO aditamento_entrenamiento(id_aditamento,id_estacion,nombre) VALUES (42,68,'Teclado');
INSERT INTO aditamento_entrenamiento(id_aditamento,id_estacion,nombre) VALUES (43,88,'Headset');
INSERT INTO aditamento_entrenamiento(id_aditamento,id_estacion,nombre) VALUES (44,67,'Headset');
INSERT INTO aditamento_entrenamiento(id_aditamento,id_estacion,nombre) VALUES (45,55,'Headset');
INSERT INTO aditamento_entrenamiento(id_aditamento,id_estacion,nombre) VALUES (46,70,'Teclado');
INSERT INTO aditamento_entrenamiento(id_aditamento,id_estacion,nombre) VALUES (47,63,'Teclado');
INSERT INTO aditamento_entrenamiento(id_aditamento,id_estacion,nombre) VALUES (48,21,'Mouse');
INSERT INTO aditamento_entrenamiento(id_aditamento,id_estacion,nombre) VALUES (49,95,'Headset');
INSERT INTO aditamento_entrenamiento(id_aditamento,id_estacion,nombre) VALUES (50,25,'Teclado');
INSERT INTO aditamento_entrenamiento(id_aditamento,id_estacion,nombre) VALUES (51,41,'Teclado');
INSERT INTO aditamento_entrenamiento(id_aditamento,id_estacion,nombre) VALUES (52,3,'Headset');
INSERT INTO aditamento_entrenamiento(id_aditamento,id_estacion,nombre) VALUES (53,53,'Headset');
INSERT INTO aditamento_entrenamiento(id_aditamento,id_estacion,nombre) VALUES (54,43,'Headset');
INSERT INTO aditamento_entrenamiento(id_aditamento,id_estacion,nombre) VALUES (55,89,'Headset');
INSERT INTO aditamento_entrenamiento(id_aditamento,id_estacion,nombre) VALUES (56,36,'Headset');
INSERT INTO aditamento_entrenamiento(id_aditamento,id_estacion,nombre) VALUES (57,94,'Mouse');
INSERT INTO aditamento_entrenamiento(id_aditamento,id_estacion,nombre) VALUES (58,23,'Headset');
INSERT INTO aditamento_entrenamiento(id_aditamento,id_estacion,nombre) VALUES (59,87,'Mouse');
INSERT INTO aditamento_entrenamiento(id_aditamento,id_estacion,nombre) VALUES (60,17,'Teclado');
INSERT INTO aditamento_entrenamiento(id_aditamento,id_estacion,nombre) VALUES (61,85,'Mouse');
INSERT INTO aditamento_entrenamiento(id_aditamento,id_estacion,nombre) VALUES (62,100,'Mouse');
INSERT INTO aditamento_entrenamiento(id_aditamento,id_estacion,nombre) VALUES (63,82,'Headset');
INSERT INTO aditamento_entrenamiento(id_aditamento,id_estacion,nombre) VALUES (64,75,'Headset');
INSERT INTO aditamento_entrenamiento(id_aditamento,id_estacion,nombre) VALUES (65,70,'Headset');
INSERT INTO aditamento_entrenamiento(id_aditamento,id_estacion,nombre) VALUES (66,92,'Teclado');
INSERT INTO aditamento_entrenamiento(id_aditamento,id_estacion,nombre) VALUES (67,51,'Headset');
INSERT INTO aditamento_entrenamiento(id_aditamento,id_estacion,nombre) VALUES (68,51,'Mouse');
INSERT INTO aditamento_entrenamiento(id_aditamento,id_estacion,nombre) VALUES (69,25,'Headset');
INSERT INTO aditamento_entrenamiento(id_aditamento,id_estacion,nombre) VALUES (70,64,'Headset');
INSERT INTO aditamento_entrenamiento(id_aditamento,id_estacion,nombre) VALUES (71,79,'Mouse');
INSERT INTO aditamento_entrenamiento(id_aditamento,id_estacion,nombre) VALUES (72,31,'Mouse');
INSERT INTO aditamento_entrenamiento(id_aditamento,id_estacion,nombre) VALUES (73,65,'Headset');
INSERT INTO aditamento_entrenamiento(id_aditamento,id_estacion,nombre) VALUES (74,55,'Mouse');
INSERT INTO aditamento_entrenamiento(id_aditamento,id_estacion,nombre) VALUES (75,100,'Headset');
INSERT INTO aditamento_entrenamiento(id_aditamento,id_estacion,nombre) VALUES (76,11,'Headset');
INSERT INTO aditamento_entrenamiento(id_aditamento,id_estacion,nombre) VALUES (77,29,'Headset');
INSERT INTO aditamento_entrenamiento(id_aditamento,id_estacion,nombre) VALUES (78,26,'Teclado');
INSERT INTO aditamento_entrenamiento(id_aditamento,id_estacion,nombre) VALUES (79,62,'Mouse');
INSERT INTO aditamento_entrenamiento(id_aditamento,id_estacion,nombre) VALUES (80,16,'Headset');
INSERT INTO aditamento_entrenamiento(id_aditamento,id_estacion,nombre) VALUES (81,85,'Mouse');
INSERT INTO aditamento_entrenamiento(id_aditamento,id_estacion,nombre) VALUES (82,53,'Headset');
INSERT INTO aditamento_entrenamiento(id_aditamento,id_estacion,nombre) VALUES (83,53,'Mouse');
INSERT INTO aditamento_entrenamiento(id_aditamento,id_estacion,nombre) VALUES (84,16,'Mouse');
INSERT INTO aditamento_entrenamiento(id_aditamento,id_estacion,nombre) VALUES (85,87,'Teclado');
INSERT INTO aditamento_entrenamiento(id_aditamento,id_estacion,nombre) VALUES (86,52,'Mouse');
INSERT INTO aditamento_entrenamiento(id_aditamento,id_estacion,nombre) VALUES (87,85,'Teclado');
INSERT INTO aditamento_entrenamiento(id_aditamento,id_estacion,nombre) VALUES (88,44,'Mouse');
INSERT INTO aditamento_entrenamiento(id_aditamento,id_estacion,nombre) VALUES (89,40,'Teclado');
INSERT INTO aditamento_entrenamiento(id_aditamento,id_estacion,nombre) VALUES (90,67,'Headset');
INSERT INTO aditamento_entrenamiento(id_aditamento,id_estacion,nombre) VALUES (91,19,'Headset');
INSERT INTO aditamento_entrenamiento(id_aditamento,id_estacion,nombre) VALUES (92,28,'Teclado');
INSERT INTO aditamento_entrenamiento(id_aditamento,id_estacion,nombre) VALUES (93,73,'Headset');
INSERT INTO aditamento_entrenamiento(id_aditamento,id_estacion,nombre) VALUES (94,90,'Teclado');
INSERT INTO aditamento_entrenamiento(id_aditamento,id_estacion,nombre) VALUES (95,54,'Teclado');
INSERT INTO aditamento_entrenamiento(id_aditamento,id_estacion,nombre) VALUES (96,85,'Mouse');
INSERT INTO aditamento_entrenamiento(id_aditamento,id_estacion,nombre) VALUES (97,30,'Teclado');
INSERT INTO aditamento_entrenamiento(id_aditamento,id_estacion,nombre) VALUES (98,82,'Headset');
INSERT INTO aditamento_entrenamiento(id_aditamento,id_estacion,nombre) VALUES (99,92,'Headset');
INSERT INTO aditamento_entrenamiento(id_aditamento,id_estacion,nombre) VALUES (100,60,'Headset');


INSERT INTO asistir_entrenador(id_entrenador,id_horario,id_curso,fecha) VALUES ('SISJ921107MCDTIN48',31,19,'2021-05-10');
INSERT INTO asistir_entrenador(id_entrenador,id_horario,id_curso,fecha) VALUES ('JOTS730207MPUBIO72',10,1,'2021-09-12');
INSERT INTO asistir_entrenador(id_entrenador,id_horario,id_curso,fecha) VALUES ('HAMF860623MTLKAN84',26,10,'2021-07-15');
INSERT INTO asistir_entrenador(id_entrenador,id_horario,id_curso,fecha) VALUES ('AIMV980318MCDFIN49',6,27,'2022-07-25');
INSERT INTO asistir_entrenador(id_entrenador,id_horario,id_curso,fecha) VALUES ('HAMF860623MTLKAN84',45,15,'2021-08-31');
INSERT INTO asistir_entrenador(id_entrenador,id_horario,id_curso,fecha) VALUES ('AIMV980318MCDFIN49',45,15,'2021-05-13');
INSERT INTO asistir_entrenador(id_entrenador,id_horario,id_curso,fecha) VALUES ('LAVF770918FESTRE84',21,25,'2021-02-06');
INSERT INTO asistir_entrenador(id_entrenador,id_horario,id_curso,fecha) VALUES ('LASI940819MPUTIN89',8,20,'2021-09-01');
INSERT INTO asistir_entrenador(id_entrenador,id_horario,id_curso,fecha) VALUES ('COCV890304FPUBYT94',2,22,'2022-06-30');
INSERT INTO asistir_entrenador(id_entrenador,id_horario,id_curso,fecha) VALUES ('GLLV730709FCDZAT94',38,18,'2021-09-06');
INSERT INTO asistir_entrenador(id_entrenador,id_horario,id_curso,fecha) VALUES ('ACBC970730FESKON71',50,24,'2022-04-28');
INSERT INTO asistir_entrenador(id_entrenador,id_horario,id_curso,fecha) VALUES ('RIDB850707MMOLAT48',41,7,'2022-07-24');
INSERT INTO asistir_entrenador(id_entrenador,id_horario,id_curso,fecha) VALUES ('COCV890304FPUBYT94',45,15,'2022-07-10');
INSERT INTO asistir_entrenador(id_entrenador,id_horario,id_curso,fecha) VALUES ('JOTS730207MPUBIO72',30,13,'2022-01-22');
INSERT INTO asistir_entrenador(id_entrenador,id_horario,id_curso,fecha) VALUES ('COCV890304FPUBYT94',19,1,'2022-06-26');
INSERT INTO asistir_entrenador(id_entrenador,id_horario,id_curso,fecha) VALUES ('REPP940707MTLCAR63',37,21,'2022-06-28');
INSERT INTO asistir_entrenador(id_entrenador,id_horario,id_curso,fecha) VALUES ('BESJ040819MESTRE17',48,15,'2021-05-20');
INSERT INTO asistir_entrenador(id_entrenador,id_horario,id_curso,fecha) VALUES ('MOMJ721225FMODOM42',10,1,'2022-09-27');
INSERT INTO asistir_entrenador(id_entrenador,id_horario,id_curso,fecha) VALUES ('LIFT801215MCDVAG48',38,18,'2022-02-28');
INSERT INTO asistir_entrenador(id_entrenador,id_horario,id_curso,fecha) VALUES ('REPP940707MTLCAR63',21,25,'2021-11-30');
INSERT INTO asistir_entrenador(id_entrenador,id_horario,id_curso,fecha) VALUES ('LIFT801215MCDVAG48',40,13,'2021-03-11');
INSERT INTO asistir_entrenador(id_entrenador,id_horario,id_curso,fecha) VALUES ('MCGJ950210MPUKON87',14,6,'2022-05-12');
INSERT INTO asistir_entrenador(id_entrenador,id_horario,id_curso,fecha) VALUES ('REPP940707MTLCAR63',25,18,'2022-01-17');
INSERT INTO asistir_entrenador(id_entrenador,id_horario,id_curso,fecha) VALUES ('MOMJ721225FMODOM42',35,5,'2022-01-15');
INSERT INTO asistir_entrenador(id_entrenador,id_horario,id_curso,fecha) VALUES ('COCV890304FPUBYT94',32,18,'2021-01-08');
INSERT INTO asistir_entrenador(id_entrenador,id_horario,id_curso,fecha) VALUES ('BESJ040819MESTRE17',17,9,'2021-03-30');
INSERT INTO asistir_entrenador(id_entrenador,id_horario,id_curso,fecha) VALUES ('HEFA020416MESLOT58',44,20,'2021-05-03');
INSERT INTO asistir_entrenador(id_entrenador,id_horario,id_curso,fecha) VALUES ('COCV890304FPUBYT94',18,4,'2021-05-19');
INSERT INTO asistir_entrenador(id_entrenador,id_horario,id_curso,fecha) VALUES ('SISJ921107MCDTIN48',19,1,'2021-01-08');
INSERT INTO asistir_entrenador(id_entrenador,id_horario,id_curso,fecha) VALUES ('AIMV980318MCDFIN49',11,6,'2022-05-11');
INSERT INTO asistir_entrenador(id_entrenador,id_horario,id_curso,fecha) VALUES ('BESJ040819MESTRE17',5,8,'2022-03-15');
INSERT INTO asistir_entrenador(id_entrenador,id_horario,id_curso,fecha) VALUES ('BEMC960404MTLSTR13',26,10,'2022-10-05');
INSERT INTO asistir_entrenador(id_entrenador,id_horario,id_curso,fecha) VALUES ('JOTS730207MPUBIO72',30,13,'2022-10-08');
INSERT INTO asistir_entrenador(id_entrenador,id_horario,id_curso,fecha) VALUES ('DOTE760721MPUTIN83',27,11,'2021-04-28');
INSERT INTO asistir_entrenador(id_entrenador,id_horario,id_curso,fecha) VALUES ('LIFT801215MCDVAG48',30,13,'2022-05-30');
INSERT INTO asistir_entrenador(id_entrenador,id_horario,id_curso,fecha) VALUES ('COCV890304FPUBYT94',4,8,'2021-09-10');
INSERT INTO asistir_entrenador(id_entrenador,id_horario,id_curso,fecha) VALUES ('JOTS730207MPUBIO72',11,6,'2022-09-23');
INSERT INTO asistir_entrenador(id_entrenador,id_horario,id_curso,fecha) VALUES ('HEFA020416MESLOT58',23,15,'2022-06-19');
INSERT INTO asistir_entrenador(id_entrenador,id_horario,id_curso,fecha) VALUES ('MCGJ950210MPUKON87',3,23,'2022-10-20');
INSERT INTO asistir_entrenador(id_entrenador,id_horario,id_curso,fecha) VALUES ('GLLV730709FCDZAT94',20,24,'2022-02-20');
INSERT INTO asistir_entrenador(id_entrenador,id_horario,id_curso,fecha) VALUES ('WIGF760612FTLOVE57',36,14,'2021-06-23');
INSERT INTO asistir_entrenador(id_entrenador,id_horario,id_curso,fecha) VALUES ('GLLV730709FCDZAT94',4,8,'2022-01-27');
INSERT INTO asistir_entrenador(id_entrenador,id_horario,id_curso,fecha) VALUES ('LIFT801215MCDVAG48',18,4,'2022-05-21');
INSERT INTO asistir_entrenador(id_entrenador,id_horario,id_curso,fecha) VALUES ('BESJ040819MESTRE17',42,15,'2022-09-30');
INSERT INTO asistir_entrenador(id_entrenador,id_horario,id_curso,fecha) VALUES ('MCGJ950210MPUKON87',25,18,'2021-07-29');
INSERT INTO asistir_entrenador(id_entrenador,id_horario,id_curso,fecha) VALUES ('HOSG760627FTLSTI56',22,9,'2022-10-15');
INSERT INTO asistir_entrenador(id_entrenador,id_horario,id_curso,fecha) VALUES ('COCV890304FPUBYT94',7,29,'2022-10-27');
INSERT INTO asistir_entrenador(id_entrenador,id_horario,id_curso,fecha) VALUES ('MCGJ950210MPUKON87',29,17,'2021-10-26');
INSERT INTO asistir_entrenador(id_entrenador,id_horario,id_curso,fecha) VALUES ('SISJ921107MCDTIN48',17,9,'2022-05-21');
INSERT INTO asistir_entrenador(id_entrenador,id_horario,id_curso,fecha) VALUES ('GLLV730709FCDZAT94',6,27,'2021-09-06');
INSERT INTO asistir_entrenador(id_entrenador,id_horario,id_curso,fecha) VALUES ('GLLV730709FCDZAT94',31,19,'2022-10-20');
INSERT INTO asistir_entrenador(id_entrenador,id_horario,id_curso,fecha) VALUES ('GLLV730709FCDZAT94',27,11,'2022-05-17');
INSERT INTO asistir_entrenador(id_entrenador,id_horario,id_curso,fecha) VALUES ('MCGJ950210MPUKON87',11,6,'2021-03-24');
INSERT INTO asistir_entrenador(id_entrenador,id_horario,id_curso,fecha) VALUES ('PESG951104MESZAA89',24,23,'2022-05-04');
INSERT INTO asistir_entrenador(id_entrenador,id_horario,id_curso,fecha) VALUES ('AIMV980318MCDFIN49',12,27,'2021-03-01');
INSERT INTO asistir_entrenador(id_entrenador,id_horario,id_curso,fecha) VALUES ('MCGJ950210MPUKON87',15,26,'2022-01-01');
INSERT INTO asistir_entrenador(id_entrenador,id_horario,id_curso,fecha) VALUES ('LASI940819MPUTIN89',14,6,'2021-03-26');
INSERT INTO asistir_entrenador(id_entrenador,id_horario,id_curso,fecha) VALUES ('HOSG760627FTLSTI56',31,19,'2021-11-26');
INSERT INTO asistir_entrenador(id_entrenador,id_horario,id_curso,fecha) VALUES ('HEFA020416MESLOT58',10,1,'2022-03-17');
INSERT INTO asistir_entrenador(id_entrenador,id_horario,id_curso,fecha) VALUES ('HEFA020416MESLOT58',6,27,'2022-10-27');
INSERT INTO asistir_entrenador(id_entrenador,id_horario,id_curso,fecha) VALUES ('CLSB970220MCDTRE33',20,24,'2021-05-18');
INSERT INTO asistir_entrenador(id_entrenador,id_horario,id_curso,fecha) VALUES ('MCGJ950210MPUKON87',19,1,'2021-09-30');
INSERT INTO asistir_entrenador(id_entrenador,id_horario,id_curso,fecha) VALUES ('ACBC970730FESKON71',12,27,'2022-03-08');
INSERT INTO asistir_entrenador(id_entrenador,id_horario,id_curso,fecha) VALUES ('SISJ921107MCDTIN48',26,10,'2022-02-20');
INSERT INTO asistir_entrenador(id_entrenador,id_horario,id_curso,fecha) VALUES ('RIDB850707MMOLAT48',16,28,'2021-05-08');
INSERT INTO asistir_entrenador(id_entrenador,id_horario,id_curso,fecha) VALUES ('AIMV980318MCDFIN49',42,15,'2021-08-29');
INSERT INTO asistir_entrenador(id_entrenador,id_horario,id_curso,fecha) VALUES ('BESJ040819MESTRE17',31,19,'2022-09-22');
INSERT INTO asistir_entrenador(id_entrenador,id_horario,id_curso,fecha) VALUES ('MCGJ950210MPUKON87',46,12,'2021-01-12');
INSERT INTO asistir_entrenador(id_entrenador,id_horario,id_curso,fecha) VALUES ('HEFA020416MESLOT58',49,16,'2021-11-11');
INSERT INTO asistir_entrenador(id_entrenador,id_horario,id_curso,fecha) VALUES ('GLLV730709FCDZAT94',1,30,'2022-06-07');
INSERT INTO asistir_entrenador(id_entrenador,id_horario,id_curso,fecha) VALUES ('JOTS730207MPUBIO72',47,9,'2022-11-09');
INSERT INTO asistir_entrenador(id_entrenador,id_horario,id_curso,fecha) VALUES ('COCV890304FPUBYT94',42,15,'2022-06-12');
INSERT INTO asistir_entrenador(id_entrenador,id_horario,id_curso,fecha) VALUES ('LOPR901031FCDQUO59',50,24,'2021-06-01');
INSERT INTO asistir_entrenador(id_entrenador,id_horario,id_curso,fecha) VALUES ('MCGJ950210MPUKON87',20,24,'2022-05-22');
INSERT INTO asistir_entrenador(id_entrenador,id_horario,id_curso,fecha) VALUES ('DOTE760721MPUTIN83',14,6,'2021-12-02');
INSERT INTO asistir_entrenador(id_entrenador,id_horario,id_curso,fecha) VALUES ('BESJ040819MESTRE17',48,15,'2022-09-30');
INSERT INTO asistir_entrenador(id_entrenador,id_horario,id_curso,fecha) VALUES ('IVSM850618MTLDAL15',40,13,'2021-10-22');
INSERT INTO asistir_entrenador(id_entrenador,id_horario,id_curso,fecha) VALUES ('JOTS730207MPUBIO72',6,27,'2021-02-06');
INSERT INTO asistir_entrenador(id_entrenador,id_horario,id_curso,fecha) VALUES ('RIDB850707MMOLAT48',4,8,'2022-01-06');
INSERT INTO asistir_entrenador(id_entrenador,id_horario,id_curso,fecha) VALUES ('RIDB850707MMOLAT48',7,29,'2022-03-19');
INSERT INTO asistir_entrenador(id_entrenador,id_horario,id_curso,fecha) VALUES ('MCGJ950210MPUKON87',31,19,'2021-03-24');
INSERT INTO asistir_entrenador(id_entrenador,id_horario,id_curso,fecha) VALUES ('AIMV980318MCDFIN49',14,6,'2022-01-17');
INSERT INTO asistir_entrenador(id_entrenador,id_horario,id_curso,fecha) VALUES ('GLLV730709FCDZAT94',24,23,'2021-10-03');
INSERT INTO asistir_entrenador(id_entrenador,id_horario,id_curso,fecha) VALUES ('LAVF770918FESTRE84',39,15,'2021-06-01');
INSERT INTO asistir_entrenador(id_entrenador,id_horario,id_curso,fecha) VALUES ('HAMF860623MTLKAN84',38,18,'2021-06-27');
INSERT INTO asistir_entrenador(id_entrenador,id_horario,id_curso,fecha) VALUES ('CLSB970220MCDTRE33',34,9,'2021-02-06');
INSERT INTO asistir_entrenador(id_entrenador,id_horario,id_curso,fecha) VALUES ('MCGJ950210MPUKON87',6,27,'2021-12-08');
INSERT INTO asistir_entrenador(id_entrenador,id_horario,id_curso,fecha) VALUES ('JOTS730207MPUBIO72',3,23,'2022-05-20');
INSERT INTO asistir_entrenador(id_entrenador,id_horario,id_curso,fecha) VALUES ('REPP940707MTLCAR63',48,15,'2021-02-15');
INSERT INTO asistir_entrenador(id_entrenador,id_horario,id_curso,fecha) VALUES ('BEMC960404MTLSTR13',46,12,'2021-01-17');
INSERT INTO asistir_entrenador(id_entrenador,id_horario,id_curso,fecha) VALUES ('BESJ040819MESTRE17',28,12,'2022-09-17');
INSERT INTO asistir_entrenador(id_entrenador,id_horario,id_curso,fecha) VALUES ('DOTE760721MPUTIN83',13,24,'2021-08-23');
INSERT INTO asistir_entrenador(id_entrenador,id_horario,id_curso,fecha) VALUES ('WIGF760612FTLOVE57',13,24,'2021-08-07');
INSERT INTO asistir_entrenador(id_entrenador,id_horario,id_curso,fecha) VALUES ('MCGJ950210MPUKON87',30,13,'2021-07-18');
INSERT INTO asistir_entrenador(id_entrenador,id_horario,id_curso,fecha) VALUES ('CLSB970220MCDTRE33',16,28,'2021-05-16');
INSERT INTO asistir_entrenador(id_entrenador,id_horario,id_curso,fecha) VALUES ('MCGJ950210MPUKON87',37,21,'2022-09-14');
INSERT INTO asistir_entrenador(id_entrenador,id_horario,id_curso,fecha) VALUES ('MOMJ721225FMODOM42',39,15,'2021-09-22');
INSERT INTO asistir_entrenador(id_entrenador,id_horario,id_curso,fecha) VALUES ('CLSB970220MCDTRE33',48,15,'2022-09-07');
INSERT INTO asistir_entrenador(id_entrenador,id_horario,id_curso,fecha) VALUES ('DOTE760721MPUTIN83',1,30,'2021-03-21');
INSERT INTO asistir_entrenador(id_entrenador,id_horario,id_curso,fecha) VALUES ('DOTE760721MPUTIN83',26,10,'2022-03-22');


INSERT INTO estacion_operaciones(id_estacion,id_sala_operaciones,id_piso,id_edificio,so) VALUES (1,28,3,12,'Linux');
INSERT INTO estacion_operaciones(id_estacion,id_sala_operaciones,id_piso,id_edificio,so) VALUES (2,22,6,14,'Linux');
INSERT INTO estacion_operaciones(id_estacion,id_sala_operaciones,id_piso,id_edificio,so) VALUES (3,4,6,9,'Windows');
INSERT INTO estacion_operaciones(id_estacion,id_sala_operaciones,id_piso,id_edificio,so) VALUES (4,29,6,8,'Linux');
INSERT INTO estacion_operaciones(id_estacion,id_sala_operaciones,id_piso,id_edificio,so) VALUES (5,38,4,5,'Windows');
INSERT INTO estacion_operaciones(id_estacion,id_sala_operaciones,id_piso,id_edificio,so) VALUES (6,18,8,3,'Linux');
INSERT INTO estacion_operaciones(id_estacion,id_sala_operaciones,id_piso,id_edificio,so) VALUES (7,25,4,1,'Linux');
INSERT INTO estacion_operaciones(id_estacion,id_sala_operaciones,id_piso,id_edificio,so) VALUES (8,39,10,3,'Windows');
INSERT INTO estacion_operaciones(id_estacion,id_sala_operaciones,id_piso,id_edificio,so) VALUES (9,30,9,13,'Windows');
INSERT INTO estacion_operaciones(id_estacion,id_sala_operaciones,id_piso,id_edificio,so) VALUES (10,40,8,10,'Windows');
INSERT INTO estacion_operaciones(id_estacion,id_sala_operaciones,id_piso,id_edificio,so) VALUES (11,1,8,13,'Linux');
INSERT INTO estacion_operaciones(id_estacion,id_sala_operaciones,id_piso,id_edificio,so) VALUES (12,21,6,9,'Windows');
INSERT INTO estacion_operaciones(id_estacion,id_sala_operaciones,id_piso,id_edificio,so) VALUES (13,38,4,5,'Linux');
INSERT INTO estacion_operaciones(id_estacion,id_sala_operaciones,id_piso,id_edificio,so) VALUES (14,17,1,10,'Linux');
INSERT INTO estacion_operaciones(id_estacion,id_sala_operaciones,id_piso,id_edificio,so) VALUES (15,2,8,19,'Linux');
INSERT INTO estacion_operaciones(id_estacion,id_sala_operaciones,id_piso,id_edificio,so) VALUES (16,1,8,13,'Windows');
INSERT INTO estacion_operaciones(id_estacion,id_sala_operaciones,id_piso,id_edificio,so) VALUES (17,21,6,9,'Linux');
INSERT INTO estacion_operaciones(id_estacion,id_sala_operaciones,id_piso,id_edificio,so) VALUES (18,38,4,5,'Windows');
INSERT INTO estacion_operaciones(id_estacion,id_sala_operaciones,id_piso,id_edificio,so) VALUES (19,1,8,13,'Linux');
INSERT INTO estacion_operaciones(id_estacion,id_sala_operaciones,id_piso,id_edificio,so) VALUES (20,33,9,6,'Windows');
INSERT INTO estacion_operaciones(id_estacion,id_sala_operaciones,id_piso,id_edificio,so) VALUES (21,23,2,16,'Linux');
INSERT INTO estacion_operaciones(id_estacion,id_sala_operaciones,id_piso,id_edificio,so) VALUES (22,30,9,13,'Windows');
INSERT INTO estacion_operaciones(id_estacion,id_sala_operaciones,id_piso,id_edificio,so) VALUES (23,18,8,3,'Windows');
INSERT INTO estacion_operaciones(id_estacion,id_sala_operaciones,id_piso,id_edificio,so) VALUES (24,2,8,19,'Windows');
INSERT INTO estacion_operaciones(id_estacion,id_sala_operaciones,id_piso,id_edificio,so) VALUES (25,13,3,7,'Windows');
INSERT INTO estacion_operaciones(id_estacion,id_sala_operaciones,id_piso,id_edificio,so) VALUES (26,12,5,8,'Windows');
INSERT INTO estacion_operaciones(id_estacion,id_sala_operaciones,id_piso,id_edificio,so) VALUES (27,38,4,5,'Windows');
INSERT INTO estacion_operaciones(id_estacion,id_sala_operaciones,id_piso,id_edificio,so) VALUES (28,40,8,10,'Windows');
INSERT INTO estacion_operaciones(id_estacion,id_sala_operaciones,id_piso,id_edificio,so) VALUES (29,4,6,9,'Linux');
INSERT INTO estacion_operaciones(id_estacion,id_sala_operaciones,id_piso,id_edificio,so) VALUES (30,7,7,5,'Windows');
INSERT INTO estacion_operaciones(id_estacion,id_sala_operaciones,id_piso,id_edificio,so) VALUES (31,4,6,9,'Windows');
INSERT INTO estacion_operaciones(id_estacion,id_sala_operaciones,id_piso,id_edificio,so) VALUES (32,33,9,6,'Windows');
INSERT INTO estacion_operaciones(id_estacion,id_sala_operaciones,id_piso,id_edificio,so) VALUES (33,12,5,8,'Windows');
INSERT INTO estacion_operaciones(id_estacion,id_sala_operaciones,id_piso,id_edificio,so) VALUES (34,8,3,10,'Windows');
INSERT INTO estacion_operaciones(id_estacion,id_sala_operaciones,id_piso,id_edificio,so) VALUES (35,17,1,10,'Linux');
INSERT INTO estacion_operaciones(id_estacion,id_sala_operaciones,id_piso,id_edificio,so) VALUES (36,23,2,16,'Linux');
INSERT INTO estacion_operaciones(id_estacion,id_sala_operaciones,id_piso,id_edificio,so) VALUES (37,25,4,1,'Linux');
INSERT INTO estacion_operaciones(id_estacion,id_sala_operaciones,id_piso,id_edificio,so) VALUES (38,9,8,8,'Linux');
INSERT INTO estacion_operaciones(id_estacion,id_sala_operaciones,id_piso,id_edificio,so) VALUES (39,14,8,20,'Linux');
INSERT INTO estacion_operaciones(id_estacion,id_sala_operaciones,id_piso,id_edificio,so) VALUES (40,1,8,13,'Linux');
INSERT INTO estacion_operaciones(id_estacion,id_sala_operaciones,id_piso,id_edificio,so) VALUES (41,16,3,4,'Linux');
INSERT INTO estacion_operaciones(id_estacion,id_sala_operaciones,id_piso,id_edificio,so) VALUES (42,28,3,12,'Linux');
INSERT INTO estacion_operaciones(id_estacion,id_sala_operaciones,id_piso,id_edificio,so) VALUES (43,17,1,10,'Linux');
INSERT INTO estacion_operaciones(id_estacion,id_sala_operaciones,id_piso,id_edificio,so) VALUES (44,10,1,3,'Windows');
INSERT INTO estacion_operaciones(id_estacion,id_sala_operaciones,id_piso,id_edificio,so) VALUES (45,9,8,8,'Linux');
INSERT INTO estacion_operaciones(id_estacion,id_sala_operaciones,id_piso,id_edificio,so) VALUES (46,37,8,15,'Linux');
INSERT INTO estacion_operaciones(id_estacion,id_sala_operaciones,id_piso,id_edificio,so) VALUES (47,11,1,16,'Windows');
INSERT INTO estacion_operaciones(id_estacion,id_sala_operaciones,id_piso,id_edificio,so) VALUES (48,3,6,8,'Windows');
INSERT INTO estacion_operaciones(id_estacion,id_sala_operaciones,id_piso,id_edificio,so) VALUES (49,15,9,3,'Linux');
INSERT INTO estacion_operaciones(id_estacion,id_sala_operaciones,id_piso,id_edificio,so) VALUES (50,7,7,5,'Windows');
INSERT INTO estacion_operaciones(id_estacion,id_sala_operaciones,id_piso,id_edificio,so) VALUES (51,38,4,5,'Windows');
INSERT INTO estacion_operaciones(id_estacion,id_sala_operaciones,id_piso,id_edificio,so) VALUES (52,35,5,2,'Linux');
INSERT INTO estacion_operaciones(id_estacion,id_sala_operaciones,id_piso,id_edificio,so) VALUES (53,24,3,8,'Linux');
INSERT INTO estacion_operaciones(id_estacion,id_sala_operaciones,id_piso,id_edificio,so) VALUES (54,8,3,10,'Linux');
INSERT INTO estacion_operaciones(id_estacion,id_sala_operaciones,id_piso,id_edificio,so) VALUES (55,36,3,17,'Linux');
INSERT INTO estacion_operaciones(id_estacion,id_sala_operaciones,id_piso,id_edificio,so) VALUES (56,21,6,9,'Windows');
INSERT INTO estacion_operaciones(id_estacion,id_sala_operaciones,id_piso,id_edificio,so) VALUES (57,9,8,8,'Linux');
INSERT INTO estacion_operaciones(id_estacion,id_sala_operaciones,id_piso,id_edificio,so) VALUES (58,31,5,7,'Linux');
INSERT INTO estacion_operaciones(id_estacion,id_sala_operaciones,id_piso,id_edificio,so) VALUES (59,33,9,6,'Linux');
INSERT INTO estacion_operaciones(id_estacion,id_sala_operaciones,id_piso,id_edificio,so) VALUES (60,33,9,6,'Linux');
INSERT INTO estacion_operaciones(id_estacion,id_sala_operaciones,id_piso,id_edificio,so) VALUES (61,30,9,13,'Windows');
INSERT INTO estacion_operaciones(id_estacion,id_sala_operaciones,id_piso,id_edificio,so) VALUES (62,4,6,9,'Linux');
INSERT INTO estacion_operaciones(id_estacion,id_sala_operaciones,id_piso,id_edificio,so) VALUES (63,26,7,7,'Linux');
INSERT INTO estacion_operaciones(id_estacion,id_sala_operaciones,id_piso,id_edificio,so) VALUES (64,28,3,12,'Windows');
INSERT INTO estacion_operaciones(id_estacion,id_sala_operaciones,id_piso,id_edificio,so) VALUES (65,6,3,19,'Windows');
INSERT INTO estacion_operaciones(id_estacion,id_sala_operaciones,id_piso,id_edificio,so) VALUES (66,14,8,20,'Linux');
INSERT INTO estacion_operaciones(id_estacion,id_sala_operaciones,id_piso,id_edificio,so) VALUES (67,21,6,9,'Windows');
INSERT INTO estacion_operaciones(id_estacion,id_sala_operaciones,id_piso,id_edificio,so) VALUES (68,19,3,4,'Windows');
INSERT INTO estacion_operaciones(id_estacion,id_sala_operaciones,id_piso,id_edificio,so) VALUES (69,2,8,19,'Windows');
INSERT INTO estacion_operaciones(id_estacion,id_sala_operaciones,id_piso,id_edificio,so) VALUES (70,24,3,8,'Linux');
INSERT INTO estacion_operaciones(id_estacion,id_sala_operaciones,id_piso,id_edificio,so) VALUES (71,5,2,1,'Linux');
INSERT INTO estacion_operaciones(id_estacion,id_sala_operaciones,id_piso,id_edificio,so) VALUES (72,13,3,7,'Linux');
INSERT INTO estacion_operaciones(id_estacion,id_sala_operaciones,id_piso,id_edificio,so) VALUES (73,27,1,7,'Linux');
INSERT INTO estacion_operaciones(id_estacion,id_sala_operaciones,id_piso,id_edificio,so) VALUES (74,4,6,9,'Windows');
INSERT INTO estacion_operaciones(id_estacion,id_sala_operaciones,id_piso,id_edificio,so) VALUES (75,40,8,10,'Windows');
INSERT INTO estacion_operaciones(id_estacion,id_sala_operaciones,id_piso,id_edificio,so) VALUES (76,10,1,3,'Linux');
INSERT INTO estacion_operaciones(id_estacion,id_sala_operaciones,id_piso,id_edificio,so) VALUES (77,16,3,4,'Windows');
INSERT INTO estacion_operaciones(id_estacion,id_sala_operaciones,id_piso,id_edificio,so) VALUES (78,25,4,1,'Windows');
INSERT INTO estacion_operaciones(id_estacion,id_sala_operaciones,id_piso,id_edificio,so) VALUES (79,34,2,13,'Windows');
INSERT INTO estacion_operaciones(id_estacion,id_sala_operaciones,id_piso,id_edificio,so) VALUES (80,13,3,7,'Windows');


INSERT INTO aditamento_operaciones(id_aditamento,id_estacion,nombre) VALUES (1,44,'Headset');
INSERT INTO aditamento_operaciones(id_aditamento,id_estacion,nombre) VALUES (2,62,'Teclado');
INSERT INTO aditamento_operaciones(id_aditamento,id_estacion,nombre) VALUES (3,21,'Mouse');
INSERT INTO aditamento_operaciones(id_aditamento,id_estacion,nombre) VALUES (4,45,'Mouse');
INSERT INTO aditamento_operaciones(id_aditamento,id_estacion,nombre) VALUES (5,25,'Teclado');
INSERT INTO aditamento_operaciones(id_aditamento,id_estacion,nombre) VALUES (6,34,'Mouse');
INSERT INTO aditamento_operaciones(id_aditamento,id_estacion,nombre) VALUES (7,68,'Headset');
INSERT INTO aditamento_operaciones(id_aditamento,id_estacion,nombre) VALUES (8,46,'Mouse');
INSERT INTO aditamento_operaciones(id_aditamento,id_estacion,nombre) VALUES (9,46,'Mouse');
INSERT INTO aditamento_operaciones(id_aditamento,id_estacion,nombre) VALUES (10,23,'Headset');
INSERT INTO aditamento_operaciones(id_aditamento,id_estacion,nombre) VALUES (11,56,'Mouse');
INSERT INTO aditamento_operaciones(id_aditamento,id_estacion,nombre) VALUES (12,14,'Teclado');
INSERT INTO aditamento_operaciones(id_aditamento,id_estacion,nombre) VALUES (13,31,'Teclado');
INSERT INTO aditamento_operaciones(id_aditamento,id_estacion,nombre) VALUES (14,62,'Headset');
INSERT INTO aditamento_operaciones(id_aditamento,id_estacion,nombre) VALUES (15,11,'Mouse');
INSERT INTO aditamento_operaciones(id_aditamento,id_estacion,nombre) VALUES (16,12,'Teclado');
INSERT INTO aditamento_operaciones(id_aditamento,id_estacion,nombre) VALUES (17,60,'Headset');
INSERT INTO aditamento_operaciones(id_aditamento,id_estacion,nombre) VALUES (18,38,'Mouse');
INSERT INTO aditamento_operaciones(id_aditamento,id_estacion,nombre) VALUES (19,10,'Headset');
INSERT INTO aditamento_operaciones(id_aditamento,id_estacion,nombre) VALUES (20,56,'Teclado');
INSERT INTO aditamento_operaciones(id_aditamento,id_estacion,nombre) VALUES (21,80,'Mouse');
INSERT INTO aditamento_operaciones(id_aditamento,id_estacion,nombre) VALUES (22,10,'Teclado');
INSERT INTO aditamento_operaciones(id_aditamento,id_estacion,nombre) VALUES (23,53,'Headset');
INSERT INTO aditamento_operaciones(id_aditamento,id_estacion,nombre) VALUES (24,19,'Mouse');
INSERT INTO aditamento_operaciones(id_aditamento,id_estacion,nombre) VALUES (25,69,'Headset');
INSERT INTO aditamento_operaciones(id_aditamento,id_estacion,nombre) VALUES (26,61,'Mouse');
INSERT INTO aditamento_operaciones(id_aditamento,id_estacion,nombre) VALUES (27,26,'Mouse');
INSERT INTO aditamento_operaciones(id_aditamento,id_estacion,nombre) VALUES (28,61,'Mouse');
INSERT INTO aditamento_operaciones(id_aditamento,id_estacion,nombre) VALUES (29,67,'Mouse');
INSERT INTO aditamento_operaciones(id_aditamento,id_estacion,nombre) VALUES (30,41,'Headset');
INSERT INTO aditamento_operaciones(id_aditamento,id_estacion,nombre) VALUES (31,26,'Headset');
INSERT INTO aditamento_operaciones(id_aditamento,id_estacion,nombre) VALUES (32,6,'Headset');
INSERT INTO aditamento_operaciones(id_aditamento,id_estacion,nombre) VALUES (33,65,'Teclado');
INSERT INTO aditamento_operaciones(id_aditamento,id_estacion,nombre) VALUES (34,60,'Headset');
INSERT INTO aditamento_operaciones(id_aditamento,id_estacion,nombre) VALUES (35,20,'Headset');
INSERT INTO aditamento_operaciones(id_aditamento,id_estacion,nombre) VALUES (36,6,'Headset');
INSERT INTO aditamento_operaciones(id_aditamento,id_estacion,nombre) VALUES (37,78,'Headset');
INSERT INTO aditamento_operaciones(id_aditamento,id_estacion,nombre) VALUES (38,70,'Teclado');
INSERT INTO aditamento_operaciones(id_aditamento,id_estacion,nombre) VALUES (39,15,'Headset');
INSERT INTO aditamento_operaciones(id_aditamento,id_estacion,nombre) VALUES (40,43,'Headset');
INSERT INTO aditamento_operaciones(id_aditamento,id_estacion,nombre) VALUES (41,14,'Teclado');
INSERT INTO aditamento_operaciones(id_aditamento,id_estacion,nombre) VALUES (42,46,'Mouse');
INSERT INTO aditamento_operaciones(id_aditamento,id_estacion,nombre) VALUES (43,53,'Mouse');
INSERT INTO aditamento_operaciones(id_aditamento,id_estacion,nombre) VALUES (44,41,'Headset');
INSERT INTO aditamento_operaciones(id_aditamento,id_estacion,nombre) VALUES (45,67,'Teclado');
INSERT INTO aditamento_operaciones(id_aditamento,id_estacion,nombre) VALUES (46,16,'Headset');
INSERT INTO aditamento_operaciones(id_aditamento,id_estacion,nombre) VALUES (47,51,'Mouse');
INSERT INTO aditamento_operaciones(id_aditamento,id_estacion,nombre) VALUES (48,14,'Headset');
INSERT INTO aditamento_operaciones(id_aditamento,id_estacion,nombre) VALUES (49,23,'Teclado');
INSERT INTO aditamento_operaciones(id_aditamento,id_estacion,nombre) VALUES (50,21,'Teclado');
INSERT INTO aditamento_operaciones(id_aditamento,id_estacion,nombre) VALUES (51,16,'Headset');
INSERT INTO aditamento_operaciones(id_aditamento,id_estacion,nombre) VALUES (52,39,'Mouse');
INSERT INTO aditamento_operaciones(id_aditamento,id_estacion,nombre) VALUES (53,77,'Mouse');
INSERT INTO aditamento_operaciones(id_aditamento,id_estacion,nombre) VALUES (54,8,'Teclado');
INSERT INTO aditamento_operaciones(id_aditamento,id_estacion,nombre) VALUES (55,18,'Teclado');
INSERT INTO aditamento_operaciones(id_aditamento,id_estacion,nombre) VALUES (56,31,'Mouse');
INSERT INTO aditamento_operaciones(id_aditamento,id_estacion,nombre) VALUES (57,24,'Headset');
INSERT INTO aditamento_operaciones(id_aditamento,id_estacion,nombre) VALUES (58,26,'Teclado');
INSERT INTO aditamento_operaciones(id_aditamento,id_estacion,nombre) VALUES (59,9,'Mouse');
INSERT INTO aditamento_operaciones(id_aditamento,id_estacion,nombre) VALUES (60,38,'Teclado');
INSERT INTO aditamento_operaciones(id_aditamento,id_estacion,nombre) VALUES (61,69,'Headset');
INSERT INTO aditamento_operaciones(id_aditamento,id_estacion,nombre) VALUES (62,31,'Headset');
INSERT INTO aditamento_operaciones(id_aditamento,id_estacion,nombre) VALUES (63,31,'Mouse');
INSERT INTO aditamento_operaciones(id_aditamento,id_estacion,nombre) VALUES (64,40,'Mouse');
INSERT INTO aditamento_operaciones(id_aditamento,id_estacion,nombre) VALUES (65,27,'Mouse');
INSERT INTO aditamento_operaciones(id_aditamento,id_estacion,nombre) VALUES (66,22,'Mouse');
INSERT INTO aditamento_operaciones(id_aditamento,id_estacion,nombre) VALUES (67,74,'Headset');
INSERT INTO aditamento_operaciones(id_aditamento,id_estacion,nombre) VALUES (68,74,'Mouse');
INSERT INTO aditamento_operaciones(id_aditamento,id_estacion,nombre) VALUES (69,1,'Mouse');
INSERT INTO aditamento_operaciones(id_aditamento,id_estacion,nombre) VALUES (70,15,'Headset');
INSERT INTO aditamento_operaciones(id_aditamento,id_estacion,nombre) VALUES (71,67,'Headset');
INSERT INTO aditamento_operaciones(id_aditamento,id_estacion,nombre) VALUES (72,25,'Teclado');
INSERT INTO aditamento_operaciones(id_aditamento,id_estacion,nombre) VALUES (73,28,'Mouse');
INSERT INTO aditamento_operaciones(id_aditamento,id_estacion,nombre) VALUES (74,78,'Headset');
INSERT INTO aditamento_operaciones(id_aditamento,id_estacion,nombre) VALUES (75,14,'Headset');
INSERT INTO aditamento_operaciones(id_aditamento,id_estacion,nombre) VALUES (76,28,'Headset');
INSERT INTO aditamento_operaciones(id_aditamento,id_estacion,nombre) VALUES (77,6,'Mouse');
INSERT INTO aditamento_operaciones(id_aditamento,id_estacion,nombre) VALUES (78,46,'Teclado');
INSERT INTO aditamento_operaciones(id_aditamento,id_estacion,nombre) VALUES (79,46,'Headset');
INSERT INTO aditamento_operaciones(id_aditamento,id_estacion,nombre) VALUES (80,32,'Headset');
INSERT INTO aditamento_operaciones(id_aditamento,id_estacion,nombre) VALUES (81,39,'Teclado');
INSERT INTO aditamento_operaciones(id_aditamento,id_estacion,nombre) VALUES (82,56,'Headset');
INSERT INTO aditamento_operaciones(id_aditamento,id_estacion,nombre) VALUES (83,1,'Teclado');
INSERT INTO aditamento_operaciones(id_aditamento,id_estacion,nombre) VALUES (84,45,'Mouse');
INSERT INTO aditamento_operaciones(id_aditamento,id_estacion,nombre) VALUES (85,64,'Teclado');
INSERT INTO aditamento_operaciones(id_aditamento,id_estacion,nombre) VALUES (86,58,'Mouse');
INSERT INTO aditamento_operaciones(id_aditamento,id_estacion,nombre) VALUES (87,16,'Teclado');
INSERT INTO aditamento_operaciones(id_aditamento,id_estacion,nombre) VALUES (88,25,'Mouse');
INSERT INTO aditamento_operaciones(id_aditamento,id_estacion,nombre) VALUES (89,60,'Headset');
INSERT INTO aditamento_operaciones(id_aditamento,id_estacion,nombre) VALUES (90,14,'Headset');
INSERT INTO aditamento_operaciones(id_aditamento,id_estacion,nombre) VALUES (91,16,'Headset');
INSERT INTO aditamento_operaciones(id_aditamento,id_estacion,nombre) VALUES (92,14,'Headset');
INSERT INTO aditamento_operaciones(id_aditamento,id_estacion,nombre) VALUES (93,69,'Mouse');
INSERT INTO aditamento_operaciones(id_aditamento,id_estacion,nombre) VALUES (94,33,'Headset');
INSERT INTO aditamento_operaciones(id_aditamento,id_estacion,nombre) VALUES (95,65,'Mouse');
INSERT INTO aditamento_operaciones(id_aditamento,id_estacion,nombre) VALUES (96,16,'Mouse');
INSERT INTO aditamento_operaciones(id_aditamento,id_estacion,nombre) VALUES (97,32,'Teclado');
INSERT INTO aditamento_operaciones(id_aditamento,id_estacion,nombre) VALUES (98,76,'Mouse');
INSERT INTO aditamento_operaciones(id_aditamento,id_estacion,nombre) VALUES (99,31,'Teclado');
INSERT INTO aditamento_operaciones(id_aditamento,id_estacion,nombre) VALUES (100,76,'Mouse');


INSERT INTO asistir_agente(id_agente,id_horario,id_curso,fecha) VALUES ('EDBA940613FESCOO46',49,16,'2021-11-29');
INSERT INTO asistir_agente(id_agente,id_horario,id_curso,fecha) VALUES ('ABNJ811012FPUZON23',42,15,'2021-11-21');
INSERT INTO asistir_agente(id_agente,id_horario,id_curso,fecha) VALUES ('FLBM930312FPUSUB37',5,8,'2021-07-06');
INSERT INTO asistir_agente(id_agente,id_horario,id_curso,fecha) VALUES ('LEJV820818MESVOL87',28,12,'2022-10-04');
INSERT INTO asistir_agente(id_agente,id_horario,id_curso,fecha) VALUES ('FEBJ700126FMODAL18',29,17,'2021-05-08');
INSERT INTO asistir_agente(id_agente,id_horario,id_curso,fecha) VALUES ('HUWN801111MMOTRE24',49,16,'2021-01-28');
INSERT INTO asistir_agente(id_agente,id_horario,id_curso,fecha) VALUES ('MIGN880906FPUDUO41',34,9,'2022-07-14');
INSERT INTO asistir_agente(id_agente,id_horario,id_curso,fecha) VALUES ('TUMD960128FPUZAM72',20,24,'2021-01-07');
INSERT INTO asistir_agente(id_agente,id_horario,id_curso,fecha) VALUES ('MOCL010324MESREG95',11,6,'2022-06-04');
INSERT INTO asistir_agente(id_agente,id_horario,id_curso,fecha) VALUES ('CAGA920731MMONAM71',24,23,'2022-07-21');
INSERT INTO asistir_agente(id_agente,id_horario,id_curso,fecha) VALUES ('MOCL010324MESREG95',50,24,'2022-09-13');
INSERT INTO asistir_agente(id_agente,id_horario,id_curso,fecha) VALUES ('BRSE770114MCDBIT28',33,4,'2021-03-18');